[
  {
    "nom": "Affli Gem",
    "equipe": "Belgisch Bier",
    "jeune": false,
    "type": "Rouleur, Paveman, CLM",
    "pla": 72,
    "mo": 67,
    "mm": 66,
    "des": 66,
    "pav": 72,
    "clm": 76,
    "pro": 62,
    "spr": 62,
    "acc": 62,
    "end": 70,
    "res": 70,
    "rec": 67,
    "val": 65,
    "bar": 57
  },
  {
    "nom": "Al Bane",
    "equipe": "UCPSPA",
    "jeune": false,
    "type": "Rouleur, puncheur, CLM",
    "pla": 77,
    "mo": 63,
    "mm": 67,
    "des": 69,
    "pav": 72,
    "clm": 76,
    "pro": 54,
    "spr": 54,
    "acc": 65,
    "end": 73,
    "res": 72,
    "rec": 72,
    "val": 73,
    "bar": 59
  },
  {
    "nom": "Al Kpote",
    "equipe": "Gangster and Gentleman",
    "jeune": false,
    "type": "Paveman, Sprinteur",
    "pla": 75,
    "mo": 63,
    "mm": 63,
    "des": 62,
    "pav": 73,
    "clm": 54,
    "pro": 54,
    "spr": 77,
    "acc": 73,
    "end": 72,
    "res": 74,
    "rec": 72,
    "val": 63,
    "bar": 69
  },
  {
    "nom": "Al Libi",
    "equipe": "Gangster and Gentleman",
    "jeune": false,
    "type": "Grimpeur",
    "pla": 69,
    "mo": 77,
    "mm": 75,
    "des": 71,
    "pav": 69,
    "clm": 69,
    "pro": 54,
    "spr": 54,
    "acc": 69,
    "end": 73,
    "res": 73,
    "rec": 72,
    "val": 71,
    "bar": 70
  },
  {
    "nom": "Alessandro Ballan",
    "equipe": "Saunier Duval",
    "jeune": false,
    "type": "Paveman",
    "pla": 75,
    "mo": 71,
    "mm": 71,
    "des": 71,
    "pav": 79,
    "clm": 71,
    "pro": 55,
    "spr": 71,
    "acc": 71,
    "end": 74,
    "res": 71,
    "rec": 72,
    "val": 71,
    "bar": 71
  },
  {
    "nom": "Alessandro Petacchi",
    "equipe": "Saunier Duval",
    "jeune": false,
    "type": "Sprinteur",
    "pla": 75,
    "mo": 71,
    "mm": 71,
    "des": 71,
    "pav": 71,
    "clm": 68,
    "pro": 55,
    "spr": 77,
    "acc": 76,
    "end": 72,
    "res": 74,
    "rec": 71,
    "val": 71,
    "bar": 71
  },
  {
    "nom": "Am Stel",
    "equipe": "Nederlands Bier",
    "jeune": true,
    "type": "jeune, 1er lieutenant",
    "pla": 70,
    "mo": 76,
    "mm": 72,
    "des": 68,
    "pav": 70,
    "clm": 74,
    "pro": 53,
    "spr": 65,
    "acc": 66,
    "end": 74,
    "res": 74,
    "rec": 68,
    "val": 70,
    "bar": 58
  },
  {
    "nom": "Amande Ine",
    "equipe": "UCPSPA",
    "jeune": false,
    "type": "Grimpeur2",
    "pla": 69,
    "mo": 77,
    "mm": 76,
    "des": 70,
    "pav": 65,
    "clm": 62,
    "pro": 54,
    "spr": 54,
    "acc": 69,
    "end": 72,
    "res": 72,
    "rec": 72,
    "val": 73,
    "bar": 71
  },
  {
    "nom": "Aurel San",
    "equipe": "Rap Street Boys",
    "jeune": false,
    "type": "Leader",
    "pla": 70,
    "mo": 76,
    "mm": 75,
    "des": 68,
    "pav": 70,
    "clm": 71,
    "pro": 53,
    "spr": 53,
    "acc": 69,
    "end": 74,
    "res": 73,
    "rec": 74,
    "val": 73,
    "bar": 65
  },
  {
    "nom": "Ay Dam",
    "equipe": "Team Gouda",
    "jeune": true,
    "type": "jeune, 1er lieutenant",
    "pla": 69,
    "mo": 79,
    "mm": 74,
    "des": 69,
    "pav": 68,
    "clm": 68,
    "pro": 53,
    "spr": 53,
    "acc": 53,
    "end": 73,
    "res": 69,
    "rec": 70,
    "val": 73,
    "bar": 69
  },
  {
    "nom": "B Passi",
    "equipe": "RnB de Rue",
    "jeune": false,
    "type": "Grimpeur",
    "pla": 70,
    "mo": 78,
    "mm": 77,
    "des": 71,
    "pav": 66,
    "clm": 63,
    "pro": 55,
    "spr": 55,
    "acc": 70,
    "end": 73,
    "res": 73,
    "rec": 73,
    "val": 74,
    "bar": 72
  },
  {
    "nom": "Ba Varia",
    "equipe": "Nederlands Bier",
    "jeune": false,
    "type": "Puncheur, Baroudeur, km0",
    "pla": 70,
    "mo": 73,
    "mm": 70,
    "des": 69,
    "pav": 68,
    "clm": 77,
    "pro": 53,
    "spr": 67,
    "acc": 67,
    "end": 71,
    "res": 71,
    "rec": 68,
    "val": 68,
    "bar": 70
  },
  {
    "nom": "Bank Ize",
    "equipe": "Frisquet",
    "jeune": true,
    "type": "jeune, 1er lieutenant",
    "pla": 69,
    "mo": 79,
    "mm": 74,
    "des": 69,
    "pav": 68,
    "clm": 68,
    "pro": 53,
    "spr": 53,
    "acc": 53,
    "end": 73,
    "res": 69,
    "rec": 70,
    "val": 73,
    "bar": 69
  },
  {
    "nom": "Ben Johnson",
    "equipe": "Doping",
    "jeune": true,
    "type": "jeune, 1er lieutenant, CLM",
    "pla": 71,
    "mo": 73,
    "mm": 72,
    "des": 71,
    "pav": 70,
    "clm": 74,
    "pro": 52,
    "spr": 52,
    "acc": 58,
    "end": 71,
    "res": 71,
    "rec": 72,
    "val": 71,
    "bar": 52
  },
  {
    "nom": "Bernard Hinault",
    "equipe": "Froooonce",
    "jeune": false,
    "type": "Grimpeur, Puncheur",
    "pla": 71,
    "mo": 75,
    "mm": 75,
    "des": 72,
    "pav": 70,
    "clm": 55,
    "pro": 55,
    "spr": 55,
    "acc": 55,
    "end": 77,
    "res": 77,
    "rec": 75,
    "val": 71,
    "bar": 71
  },
  {
    "nom": "Black Aime",
    "equipe": "Rap Street Boys",
    "jeune": false,
    "type": "Grimpeur2",
    "pla": 68,
    "mo": 76,
    "mm": 75,
    "des": 69,
    "pav": 64,
    "clm": 61,
    "pro": 53,
    "spr": 53,
    "acc": 68,
    "end": 71,
    "res": 71,
    "rec": 71,
    "val": 72,
    "bar": 70
  },
  {
    "nom": "Blue Fort",
    "equipe": "Team Gouda",
    "jeune": false,
    "type": "Porteur d'eau, CLM",
    "pla": 71,
    "mo": 71,
    "mm": 72,
    "des": 70,
    "pav": 70,
    "clm": 74,
    "pro": 53,
    "spr": 71,
    "acc": 71,
    "end": 71,
    "res": 71,
    "rec": 70,
    "val": 72,
    "bar": 69
  },
  {
    "nom": "Bob Lacroute",
    "equipe": "Good Cheese",
    "jeune": false,
    "type": "Porteur d'eau, CLM",
    "pla": 73,
    "mo": 73,
    "mm": 74,
    "des": 72,
    "pav": 72,
    "clm": 76,
    "pro": 55,
    "spr": 73,
    "acc": 73,
    "end": 73,
    "res": 73,
    "rec": 72,
    "val": 74,
    "bar": 71
  },
  {
    "nom": "Bob Marley",
    "equipe": "Weed",
    "jeune": true,
    "type": "jeune, 1er lieutenant, CLM",
    "pla": 73,
    "mo": 75,
    "mm": 74,
    "des": 73,
    "pav": 72,
    "clm": 76,
    "pro": 54,
    "spr": 54,
    "acc": 60,
    "end": 73,
    "res": 73,
    "rec": 74,
    "val": 73,
    "bar": 54
  },
  {
    "nom": "Boil Her",
    "equipe": "Viesmann",
    "jeune": true,
    "type": "jeune, 2eme lieutenant",
    "pla": 71,
    "mo": 77,
    "mm": 75,
    "des": 70,
    "pav": 75,
    "clm": 69,
    "pro": 54,
    "spr": 54,
    "acc": 54,
    "end": 76,
    "res": 70,
    "rec": 72,
    "val": 73,
    "bar": 68
  },
  {
    "nom": "Bradley Wiggins",
    "equipe": "Suceurs 2 Roues",
    "jeune": true,
    "type": "jeune, 1er lieutenant",
    "pla": 70,
    "mo": 76,
    "mm": 76,
    "des": 73,
    "pav": 66,
    "clm": 53,
    "pro": 53,
    "spr": 53,
    "acc": 53,
    "end": 73,
    "res": 73,
    "rec": 73,
    "val": 68,
    "bar": 68
  },
  {
    "nom": "Brie de Meaux",
    "equipe": "Team Claquos",
    "jeune": false,
    "type": "Porteur d'eau, CLM",
    "pla": 72,
    "mo": 72,
    "mm": 73,
    "des": 71,
    "pav": 71,
    "clm": 75,
    "pro": 54,
    "spr": 72,
    "acc": 72,
    "end": 72,
    "res": 72,
    "rec": 71,
    "val": 73,
    "bar": 70
  },
  {
    "nom": "Brillat Savarin",
    "equipe": "Team Claquos",
    "jeune": false,
    "type": "Paveman",
    "pla": 74,
    "mo": 70,
    "mm": 70,
    "des": 70,
    "pav": 78,
    "clm": 70,
    "pro": 54,
    "spr": 70,
    "acc": 70,
    "end": 73,
    "res": 70,
    "rec": 71,
    "val": 70,
    "bar": 70
  },
  {
    "nom": "Bruno Krombacher",
    "equipe": "Bier Brigade",
    "jeune": false,
    "type": "Poisson Pilote",
    "pla": 73,
    "mo": 70,
    "mm": 70,
    "des": 70,
    "pav": 72,
    "clm": 77,
    "pro": 65,
    "spr": 76,
    "acc": 76,
    "end": 70,
    "res": 70,
    "rec": 70,
    "val": 70,
    "bar": 61
  },
  {
    "nom": "Cam Ambert",
    "equipe": "Team Claquos",
    "jeune": false,
    "type": "Leader",
    "pla": 71,
    "mo": 78,
    "mm": 75,
    "des": 70,
    "pav": 76,
    "clm": 67,
    "pro": 54,
    "spr": 54,
    "acc": 54,
    "end": 77,
    "res": 70,
    "rec": 72,
    "val": 74,
    "bar": 66
  },
  {
    "nom": "Carl Lewis",
    "equipe": "Doping",
    "jeune": true,
    "type": "jeune, 2eme lieutenant",
    "pla": 70,
    "mo": 75,
    "mm": 73,
    "des": 71,
    "pav": 70,
    "clm": 72,
    "pro": 52,
    "spr": 52,
    "acc": 59,
    "end": 71,
    "res": 71,
    "rec": 71,
    "val": 71,
    "bar": 52
  },
  {
    "nom": "Cazu Martzu",
    "equipe": "Team Burrata",
    "jeune": false,
    "type": "Paveman",
    "pla": 72,
    "mo": 68,
    "mm": 68,
    "des": 68,
    "pav": 76,
    "clm": 68,
    "pro": 52,
    "spr": 68,
    "acc": 68,
    "end": 71,
    "res": 68,
    "rec": 69,
    "val": 68,
    "bar": 68
  },
  {
    "nom": "Chikun Gunya",
    "equipe": "Team Alençon",
    "jeune": false,
    "type": "Rouleur, puncheur, CLM",
    "pla": 75,
    "mo": 61,
    "mm": 65,
    "des": 67,
    "pav": 70,
    "clm": 74,
    "pro": 52,
    "spr": 52,
    "acc": 63,
    "end": 71,
    "res": 70,
    "rec": 70,
    "val": 71,
    "bar": 57
  },
  {
    "nom": "Clim Atizer",
    "equipe": "Viesmann",
    "jeune": false,
    "type": "Leader",
    "pla": 71,
    "mo": 78,
    "mm": 75,
    "des": 70,
    "pav": 76,
    "clm": 67,
    "pro": 54,
    "spr": 54,
    "acc": 54,
    "end": 77,
    "res": 70,
    "rec": 72,
    "val": 74,
    "bar": 66
  },
  {
    "nom": "Crozés Hermitage",
    "equipe": "20 Rouge",
    "jeune": true,
    "type": "jeune, 2eme lieutenant, baroudeur",
    "pla": 68,
    "mo": 70,
    "mm": 74,
    "des": 72,
    "pav": 70,
    "clm": 52,
    "pro": 52,
    "spr": 62,
    "acc": 67,
    "end": 72,
    "res": 72,
    "rec": 72,
    "val": 73,
    "bar": 68
  },
  {
    "nom": "Damiano Cunego",
    "equipe": "Saunier Duval",
    "jeune": false,
    "type": "Puncheur, Baroudeur, km0",
    "pla": 71,
    "mo": 71,
    "mm": 71,
    "des": 71,
    "pav": 71,
    "clm": 71,
    "pro": 55,
    "spr": 75,
    "acc": 75,
    "end": 73,
    "res": 72,
    "rec": 71,
    "val": 78,
    "bar": 71
  },
  {
    "nom": "Danilo Di Luca",
    "equipe": "Saunier Duval",
    "jeune": true,
    "type": "jeune, 2eme lieutenant",
    "pla": 72,
    "mo": 78,
    "mm": 76,
    "des": 71,
    "pav": 76,
    "clm": 70,
    "pro": 55,
    "spr": 55,
    "acc": 55,
    "end": 77,
    "res": 71,
    "rec": 73,
    "val": 74,
    "bar": 69
  },
  {
    "nom": "Dario Frigo",
    "equipe": "Saunier Duval",
    "jeune": true,
    "type": "jeune, 1er lieutenant",
    "pla": 71,
    "mo": 81,
    "mm": 76,
    "des": 71,
    "pav": 70,
    "clm": 70,
    "pro": 55,
    "spr": 55,
    "acc": 55,
    "end": 75,
    "res": 71,
    "rec": 72,
    "val": 75,
    "bar": 71
  },
  {
    "nom": "David Desnos",
    "equipe": "Team Alençon",
    "jeune": false,
    "type": "Paveman",
    "pla": 76,
    "mo": 60,
    "mm": 61,
    "des": 64,
    "pav": 76,
    "clm": 60,
    "pro": 52,
    "spr": 52,
    "acc": 69,
    "end": 68,
    "res": 69,
    "rec": 69,
    "val": 65,
    "bar": 67
  },
  {
    "nom": "David Gaudu",
    "equipe": "Froooonce",
    "jeune": false,
    "type": "Grimpeur",
    "pla": 70,
    "mo": 78,
    "mm": 76,
    "des": 72,
    "pav": 70,
    "clm": 70,
    "pro": 55,
    "spr": 55,
    "acc": 70,
    "end": 74,
    "res": 74,
    "rec": 73,
    "val": 72,
    "bar": 71
  },
  {
    "nom": "Delirium Tremens",
    "equipe": "Belgisch Bier",
    "jeune": false,
    "type": "Poisson Pilote",
    "pla": 70,
    "mo": 67,
    "mm": 67,
    "des": 67,
    "pav": 69,
    "clm": 74,
    "pro": 62,
    "spr": 73,
    "acc": 73,
    "end": 67,
    "res": 67,
    "rec": 67,
    "val": 67,
    "bar": 58
  },
  {
    "nom": "Diego Maradona",
    "equipe": "Doping",
    "jeune": false,
    "type": "Leader",
    "pla": 70,
    "mo": 75,
    "mm": 73,
    "des": 71,
    "pav": 70,
    "clm": 70,
    "pro": 52,
    "spr": 52,
    "acc": 69,
    "end": 73,
    "res": 73,
    "rec": 73,
    "val": 70,
    "bar": 53
  },
  {
    "nom": "Dieter Bitburger",
    "equipe": "Bier Brigade",
    "jeune": true,
    "type": "jeune, 1er lieutenant",
    "pla": 72,
    "mo": 78,
    "mm": 74,
    "des": 70,
    "pav": 72,
    "clm": 76,
    "pro": 55,
    "spr": 67,
    "acc": 68,
    "end": 76,
    "res": 76,
    "rec": 70,
    "val": 72,
    "bar": 60
  },
  {
    "nom": "Djou Houle",
    "equipe": "Rap Street Boys",
    "jeune": false,
    "type": "Sprinteur",
    "pla": 75,
    "mo": 61,
    "mm": 62,
    "des": 68,
    "pav": 66,
    "clm": 70,
    "pro": 53,
    "spr": 75,
    "acc": 75,
    "end": 70,
    "res": 70,
    "rec": 69,
    "val": 68,
    "bar": 58
  },
  {
    "nom": "Doc Gyneco",
    "equipe": "RnB de Rue",
    "jeune": false,
    "type": "Paveman",
    "pla": 79,
    "mo": 63,
    "mm": 64,
    "des": 67,
    "pav": 79,
    "clm": 63,
    "pro": 55,
    "spr": 55,
    "acc": 72,
    "end": 71,
    "res": 72,
    "rec": 72,
    "val": 68,
    "bar": 70
  },
  {
    "nom": "Dra Ke",
    "equipe": "Weed",
    "jeune": false,
    "type": "Sprinteur",
    "pla": 76,
    "mo": 61,
    "mm": 59,
    "des": 59,
    "pav": 74,
    "clm": 54,
    "pro": 54,
    "spr": 77,
    "acc": 76,
    "end": 69,
    "res": 70,
    "rec": 71,
    "val": 70,
    "bar": 54
  },
  {
    "nom": "Duncan Coillotte",
    "equipe": "Good Cheese",
    "jeune": true,
    "type": "jeune, 1er lieutenant",
    "pla": 71,
    "mo": 81,
    "mm": 76,
    "des": 71,
    "pav": 70,
    "clm": 70,
    "pro": 55,
    "spr": 55,
    "acc": 55,
    "end": 75,
    "res": 71,
    "rec": 72,
    "val": 75,
    "bar": 71
  },
  {
    "nom": "Elon Musk",
    "equipe": "Over Dose Racing",
    "jeune": false,
    "type": "Leader",
    "pla": 71,
    "mo": 76,
    "mm": 74,
    "des": 72,
    "pav": 71,
    "clm": 71,
    "pro": 53,
    "spr": 53,
    "acc": 70,
    "end": 74,
    "res": 74,
    "rec": 74,
    "val": 71,
    "bar": 54
  },
  {
    "nom": "Erik Zabel",
    "equipe": "Big Farma",
    "jeune": false,
    "type": "Sprinteur",
    "pla": 77,
    "mo": 62,
    "mm": 60,
    "des": 60,
    "pav": 75,
    "clm": 55,
    "pro": 55,
    "spr": 78,
    "acc": 77,
    "end": 70,
    "res": 71,
    "rec": 72,
    "val": 71,
    "bar": 55
  },
  {
    "nom": "Fabio Aroue",
    "equipe": "Suceurs 2 Roues",
    "jeune": false,
    "type": "Puncheur, Baroudeur, km0, descendeur",
    "pla": 68,
    "mo": 73,
    "mm": 73,
    "des": 76,
    "pav": 53,
    "clm": 53,
    "pro": 53,
    "spr": 53,
    "acc": 59,
    "end": 73,
    "res": 73,
    "rec": 73,
    "val": 68,
    "bar": 68
  },
  {
    "nom": "Ferme Laporte",
    "equipe": "Frisquet",
    "jeune": true,
    "type": "jeune, 2eme lieutenant",
    "pla": 70,
    "mo": 76,
    "mm": 74,
    "des": 69,
    "pav": 74,
    "clm": 68,
    "pro": 53,
    "spr": 53,
    "acc": 53,
    "end": 75,
    "res": 69,
    "rec": 71,
    "val": 72,
    "bar": 67
  },
  {
    "nom": "Floyd Landis",
    "equipe": "Big Farma",
    "jeune": true,
    "type": "jeune, 2eme lieutenant",
    "pla": 73,
    "mo": 78,
    "mm": 76,
    "des": 74,
    "pav": 73,
    "clm": 75,
    "pro": 55,
    "spr": 55,
    "acc": 62,
    "end": 74,
    "res": 74,
    "rec": 74,
    "val": 74,
    "bar": 55
  },
  {
    "nom": "Fort Pommard",
    "equipe": "20 Rouge",
    "jeune": false,
    "type": "Grimpeur, Puncheur",
    "pla": 68,
    "mo": 72,
    "mm": 72,
    "des": 69,
    "pav": 67,
    "clm": 52,
    "pro": 52,
    "spr": 52,
    "acc": 52,
    "end": 74,
    "res": 74,
    "rec": 72,
    "val": 68,
    "bar": 68
  },
  {
    "nom": "Fourme Dambert",
    "equipe": "Team Claquos",
    "jeune": true,
    "type": "jeune, 2eme lieutenant",
    "pla": 71,
    "mo": 77,
    "mm": 75,
    "des": 70,
    "pav": 75,
    "clm": 69,
    "pro": 54,
    "spr": 54,
    "acc": 54,
    "end": 76,
    "res": 70,
    "rec": 72,
    "val": 73,
    "bar": 68
  },
  {
    "nom": "Francesco Casagrande",
    "equipe": "Saunier Duval",
    "jeune": false,
    "type": "Porteur d'eau, CLM",
    "pla": 73,
    "mo": 73,
    "mm": 74,
    "des": 72,
    "pav": 72,
    "clm": 76,
    "pro": 55,
    "spr": 73,
    "acc": 73,
    "end": 73,
    "res": 73,
    "rec": 72,
    "val": 74,
    "bar": 71
  },
  {
    "nom": "Fri Son",
    "equipe": "Team Gouda",
    "jeune": false,
    "type": "Paveman",
    "pla": 73,
    "mo": 69,
    "mm": 69,
    "des": 69,
    "pav": 77,
    "clm": 69,
    "pro": 53,
    "spr": 69,
    "acc": 69,
    "end": 72,
    "res": 69,
    "rec": 70,
    "val": 69,
    "bar": 69
  },
  {
    "nom": "Fritz Fass",
    "equipe": "Bier Brigade",
    "jeune": false,
    "type": "Rouleur grimpeur",
    "pla": 72,
    "mo": 78,
    "mm": 73,
    "des": 72,
    "pav": 70,
    "clm": 73,
    "pro": 55,
    "spr": 68,
    "acc": 68,
    "end": 75,
    "res": 75,
    "rec": 70,
    "val": 72,
    "bar": 65
  },
  {
    "nom": "Frédéric Beigbedder",
    "equipe": "Over Dose Racing",
    "jeune": false,
    "type": "Sprinteur",
    "pla": 75,
    "mo": 60,
    "mm": 58,
    "des": 58,
    "pav": 73,
    "clm": 53,
    "pro": 53,
    "spr": 76,
    "acc": 75,
    "end": 68,
    "res": 69,
    "rec": 70,
    "val": 69,
    "bar": 53
  },
  {
    "nom": "G Calo",
    "equipe": "RnB de Rue",
    "jeune": false,
    "type": "Grimpeur2",
    "pla": 70,
    "mo": 78,
    "mm": 77,
    "des": 71,
    "pav": 66,
    "clm": 63,
    "pro": 55,
    "spr": 55,
    "acc": 70,
    "end": 73,
    "res": 73,
    "rec": 73,
    "val": 74,
    "bar": 72
  },
  {
    "nom": "Geiten Kaas",
    "equipe": "Team Gouda",
    "jeune": false,
    "type": "Sprinteur",
    "pla": 73,
    "mo": 69,
    "mm": 69,
    "des": 69,
    "pav": 69,
    "clm": 66,
    "pro": 53,
    "spr": 75,
    "acc": 74,
    "end": 70,
    "res": 72,
    "rec": 69,
    "val": 69,
    "bar": 69
  },
  {
    "nom": "Geraint Tomasse",
    "equipe": "Suceurs 2 Roues",
    "jeune": true,
    "type": "jeune, 2eme lieutenant, baroudeur",
    "pla": 69,
    "mo": 71,
    "mm": 75,
    "des": 73,
    "pav": 71,
    "clm": 53,
    "pro": 53,
    "spr": 63,
    "acc": 68,
    "end": 73,
    "res": 73,
    "rec": 73,
    "val": 74,
    "bar": 69
  },
  {
    "nom": "Gey Zer",
    "equipe": "Viesmann",
    "jeune": false,
    "type": "Sprinteur",
    "pla": 74,
    "mo": 70,
    "mm": 70,
    "des": 70,
    "pav": 70,
    "clm": 67,
    "pro": 54,
    "spr": 76,
    "acc": 75,
    "end": 71,
    "res": 73,
    "rec": 70,
    "val": 70,
    "bar": 70
  },
  {
    "nom": "Gilbert Lainé",
    "equipe": "Team Alençon",
    "jeune": false,
    "type": "Grimpeur",
    "pla": 67,
    "mo": 75,
    "mm": 74,
    "des": 68,
    "pav": 63,
    "clm": 60,
    "pro": 52,
    "spr": 52,
    "acc": 67,
    "end": 70,
    "res": 70,
    "rec": 70,
    "val": 71,
    "bar": 69
  },
  {
    "nom": "Gilberto Simoni",
    "equipe": "Saunier Duval",
    "jeune": false,
    "type": "Grimpeur",
    "pla": 71,
    "mo": 80,
    "mm": 77,
    "des": 70,
    "pav": 62,
    "clm": 55,
    "pro": 55,
    "spr": 55,
    "acc": 55,
    "end": 74,
    "res": 71,
    "rec": 72,
    "val": 74,
    "bar": 71
  },
  {
    "nom": "Gilles Tarot",
    "equipe": "Team Alençon",
    "jeune": false,
    "type": "Leader",
    "pla": 69,
    "mo": 75,
    "mm": 74,
    "des": 67,
    "pav": 69,
    "clm": 70,
    "pro": 52,
    "spr": 52,
    "acc": 68,
    "end": 73,
    "res": 72,
    "rec": 73,
    "val": 72,
    "bar": 64
  },
  {
    "nom": "Gorgone Zola",
    "equipe": "Team Burrata",
    "jeune": true,
    "type": "jeune, 2eme lieutenant",
    "pla": 69,
    "mo": 75,
    "mm": 73,
    "des": 68,
    "pav": 73,
    "clm": 67,
    "pro": 52,
    "spr": 52,
    "acc": 52,
    "end": 74,
    "res": 68,
    "rec": 70,
    "val": 71,
    "bar": 66
  },
  {
    "nom": "Gou Da",
    "equipe": "Team Gouda",
    "jeune": false,
    "type": "Leader",
    "pla": 70,
    "mo": 77,
    "mm": 74,
    "des": 69,
    "pav": 75,
    "clm": 66,
    "pro": 53,
    "spr": 53,
    "acc": 53,
    "end": 76,
    "res": 69,
    "rec": 71,
    "val": 73,
    "bar": 65
  },
  {
    "nom": "Goudebananece Beaujolais",
    "equipe": "20 Rouge",
    "jeune": false,
    "type": "Grimpeur",
    "pla": 67,
    "mo": 75,
    "mm": 73,
    "des": 69,
    "pav": 67,
    "clm": 67,
    "pro": 52,
    "spr": 52,
    "acc": 67,
    "end": 71,
    "res": 71,
    "rec": 70,
    "val": 69,
    "bar": 68
  },
  {
    "nom": "Grim Bergen",
    "equipe": "Belgisch Bier",
    "jeune": false,
    "type": "Leader",
    "pla": 69,
    "mo": 76,
    "mm": 72,
    "des": 67,
    "pav": 70,
    "clm": 75,
    "pro": 52,
    "spr": 69,
    "acc": 69,
    "end": 72,
    "res": 72,
    "rec": 67,
    "val": 69,
    "bar": 57
  },
  {
    "nom": "Grinne Dgeu",
    "equipe": "Rap Street Boys",
    "jeune": true,
    "type": "jeune, 1er lieutenant",
    "pla": 74,
    "mo": 72,
    "mm": 72,
    "des": 70,
    "pav": 71,
    "clm": 74,
    "pro": 53,
    "spr": 53,
    "acc": 69,
    "end": 74,
    "res": 72,
    "rec": 73,
    "val": 71,
    "bar": 64
  },
  {
    "nom": "Guivarch Kiri",
    "equipe": "Good Cheese",
    "jeune": false,
    "type": "Sprinteur",
    "pla": 75,
    "mo": 71,
    "mm": 71,
    "des": 71,
    "pav": 71,
    "clm": 68,
    "pro": 55,
    "spr": 77,
    "acc": 76,
    "end": 72,
    "res": 74,
    "rec": 71,
    "val": 71,
    "bar": 71
  },
  {
    "nom": "Göss Her",
    "equipe": "Österreichisches Bier",
    "jeune": false,
    "type": "Sprinteur",
    "pla": 71,
    "mo": 71,
    "mm": 69,
    "des": 69,
    "pav": 69,
    "clm": 59,
    "pro": 54,
    "spr": 77,
    "acc": 77,
    "end": 71,
    "res": 71,
    "rec": 69,
    "val": 69,
    "bar": 70
  },
  {
    "nom": "Hans Hopfen",
    "equipe": "Bier Brigade",
    "jeune": false,
    "type": "Puncheur, Baroudeur, km0",
    "pla": 72,
    "mo": 75,
    "mm": 72,
    "des": 71,
    "pav": 70,
    "clm": 79,
    "pro": 55,
    "spr": 69,
    "acc": 69,
    "end": 73,
    "res": 73,
    "rec": 70,
    "val": 70,
    "bar": 72
  },
  {
    "nom": "Heine Ken",
    "equipe": "Nederlands Bier",
    "jeune": false,
    "type": "Leader",
    "pla": 70,
    "mo": 77,
    "mm": 73,
    "des": 68,
    "pav": 71,
    "clm": 76,
    "pro": 53,
    "spr": 70,
    "acc": 70,
    "end": 73,
    "res": 73,
    "rec": 68,
    "val": 70,
    "bar": 58
  },
  {
    "nom": "Henoc Beausejour",
    "equipe": "Gangster and Gentleman",
    "jeune": false,
    "type": "Leader",
    "pla": 71,
    "mo": 78,
    "mm": 77,
    "des": 73,
    "pav": 71,
    "clm": 70,
    "pro": 54,
    "spr": 54,
    "acc": 61,
    "end": 75,
    "res": 75,
    "rec": 73,
    "val": 69,
    "bar": 69
  },
  {
    "nom": "Hess Céhache",
    "equipe": "Rap Street Boys",
    "jeune": false,
    "type": "Paveman",
    "pla": 77,
    "mo": 61,
    "mm": 62,
    "des": 65,
    "pav": 77,
    "clm": 61,
    "pro": 53,
    "spr": 53,
    "acc": 70,
    "end": 69,
    "res": 70,
    "rec": 70,
    "val": 66,
    "bar": 68
  },
  {
    "nom": "Hiro Shima",
    "equipe": "Daikin",
    "jeune": true,
    "type": "jeune, 1er lieutenant",
    "pla": 68,
    "mo": 78,
    "mm": 73,
    "des": 68,
    "pav": 67,
    "clm": 67,
    "pro": 52,
    "spr": 52,
    "acc": 52,
    "end": 72,
    "res": 68,
    "rec": 69,
    "val": 72,
    "bar": 68
  },
  {
    "nom": "Hirt Herbier",
    "equipe": "Österreichisches Bier",
    "jeune": false,
    "type": "Poisson Pilote",
    "pla": 72,
    "mo": 69,
    "mm": 69,
    "des": 69,
    "pav": 71,
    "clm": 76,
    "pro": 64,
    "spr": 75,
    "acc": 75,
    "end": 69,
    "res": 69,
    "rec": 69,
    "val": 69,
    "bar": 60
  },
  {
    "nom": "Hubert Savary de Beauregard",
    "equipe": "Team Alençon",
    "jeune": false,
    "type": "Grimpeur2",
    "pla": 67,
    "mo": 75,
    "mm": 74,
    "des": 68,
    "pav": 63,
    "clm": 60,
    "pro": 52,
    "spr": 52,
    "acc": 67,
    "end": 70,
    "res": 70,
    "rec": 70,
    "val": 71,
    "bar": 69
  },
  {
    "nom": "Ice Cube",
    "equipe": "Weed",
    "jeune": false,
    "type": "Grimpeur, porteur d'eau",
    "pla": 74,
    "mo": 74,
    "mm": 74,
    "des": 69,
    "pav": 69,
    "clm": 74,
    "pro": 54,
    "spr": 71,
    "acc": 71,
    "end": 69,
    "res": 69,
    "rec": 74,
    "val": 73,
    "bar": 55
  },
  {
    "nom": "Jan Hertog",
    "equipe": "Nederlands Bier",
    "jeune": true,
    "type": "jeune, 2eme lieutenant",
    "pla": 69,
    "mo": 75,
    "mm": 71,
    "des": 69,
    "pav": 63,
    "clm": 58,
    "pro": 53,
    "spr": 73,
    "acc": 73,
    "end": 73,
    "res": 73,
    "rec": 68,
    "val": 70,
    "bar": 74
  },
  {
    "nom": "Jan Ullrich",
    "equipe": "Suceurs 2 Roues",
    "jeune": false,
    "type": "Leader",
    "pla": 70,
    "mo": 77,
    "mm": 76,
    "des": 72,
    "pav": 70,
    "clm": 69,
    "pro": 53,
    "spr": 53,
    "acc": 60,
    "end": 74,
    "res": 74,
    "rec": 72,
    "val": 68,
    "bar": 68
  },
  {
    "nom": "Jay Z",
    "equipe": "Weed",
    "jeune": false,
    "type": "Paveman, Poisson Pilote",
    "pla": 75,
    "mo": 61,
    "mm": 59,
    "des": 59,
    "pav": 77,
    "clm": 54,
    "pro": 54,
    "spr": 73,
    "acc": 73,
    "end": 72,
    "res": 73,
    "rec": 71,
    "val": 70,
    "bar": 73
  },
  {
    "nom": "Jean-Claude Van Damme",
    "equipe": "Over Dose Racing",
    "jeune": true,
    "type": "jeune, 1er lieutenant, CLM",
    "pla": 72,
    "mo": 74,
    "mm": 73,
    "des": 72,
    "pav": 71,
    "clm": 75,
    "pro": 53,
    "spr": 53,
    "acc": 59,
    "end": 72,
    "res": 72,
    "rec": 73,
    "val": 72,
    "bar": 53
  },
  {
    "nom": "Jean-Luc Delarue",
    "equipe": "Over Dose Racing",
    "jeune": false,
    "type": "Puncheur, Baroudeur, km0",
    "pla": 72,
    "mo": 74,
    "mm": 73,
    "des": 70,
    "pav": 65,
    "clm": 73,
    "pro": 53,
    "spr": 53,
    "acc": 68,
    "end": 71,
    "res": 71,
    "rec": 70,
    "val": 71,
    "bar": 72
  },
  {
    "nom": "Johan Museeuw",
    "equipe": "Big Farma",
    "jeune": false,
    "type": "Paveman, Poisson Pilote",
    "pla": 76,
    "mo": 62,
    "mm": 60,
    "des": 60,
    "pav": 78,
    "clm": 55,
    "pro": 55,
    "spr": 74,
    "acc": 74,
    "end": 73,
    "res": 74,
    "rec": 72,
    "val": 71,
    "bar": 74
  },
  {
    "nom": "John Lennon",
    "equipe": "Weed",
    "jeune": false,
    "type": "Grimpeur, Puncheur",
    "pla": 69,
    "mo": 77,
    "mm": 74,
    "des": 76,
    "pav": 59,
    "clm": 54,
    "pro": 54,
    "spr": 54,
    "acc": 73,
    "end": 71,
    "res": 71,
    "rec": 69,
    "val": 71,
    "bar": 72
  },
  {
    "nom": "Johnny Hallyday",
    "equipe": "Over Dose Racing",
    "jeune": false,
    "type": "Grimpeur, porteur d'eau",
    "pla": 73,
    "mo": 73,
    "mm": 73,
    "des": 68,
    "pav": 68,
    "clm": 73,
    "pro": 53,
    "spr": 70,
    "acc": 70,
    "end": 68,
    "res": 68,
    "rec": 73,
    "val": 72,
    "bar": 54
  },
  {
    "nom": "Jonas Vingegarde",
    "equipe": "Suceurs 2 Roues",
    "jeune": false,
    "type": "Grimpeur",
    "pla": 68,
    "mo": 76,
    "mm": 74,
    "des": 70,
    "pav": 68,
    "clm": 68,
    "pro": 53,
    "spr": 53,
    "acc": 68,
    "end": 72,
    "res": 72,
    "rec": 71,
    "val": 70,
    "bar": 69
  },
  {
    "nom": "Joseba Beloki",
    "equipe": "Suceurs 2 Roues",
    "jeune": false,
    "type": "Grimpeur, Puncheur",
    "pla": 69,
    "mo": 73,
    "mm": 73,
    "des": 70,
    "pav": 68,
    "clm": 53,
    "pro": 53,
    "spr": 53,
    "acc": 53,
    "end": 75,
    "res": 75,
    "rec": 73,
    "val": 69,
    "bar": 69
  },
  {
    "nom": "Joël Givré",
    "equipe": "Frisquet",
    "jeune": false,
    "type": "Grimpeur",
    "pla": 69,
    "mo": 78,
    "mm": 75,
    "des": 68,
    "pav": 60,
    "clm": 53,
    "pro": 53,
    "spr": 53,
    "acc": 53,
    "end": 72,
    "res": 69,
    "rec": 70,
    "val": 72,
    "bar": 69
  },
  {
    "nom": "Julian Alaphilippe",
    "equipe": "Froooonce",
    "jeune": true,
    "type": "jeune, 2eme lieutenant, baroudeur",
    "pla": 71,
    "mo": 73,
    "mm": 77,
    "des": 75,
    "pav": 73,
    "clm": 55,
    "pro": 55,
    "spr": 65,
    "acc": 70,
    "end": 75,
    "res": 75,
    "rec": 75,
    "val": 76,
    "bar": 71
  },
  {
    "nom": "Jupi Ler",
    "equipe": "Belgisch Bier",
    "jeune": false,
    "type": "Puncheur, Baroudeur, km0",
    "pla": 69,
    "mo": 72,
    "mm": 69,
    "des": 68,
    "pav": 67,
    "clm": 76,
    "pro": 52,
    "spr": 66,
    "acc": 66,
    "end": 70,
    "res": 70,
    "rec": 67,
    "val": 67,
    "bar": 69
  },
  {
    "nom": "Justin Bieber",
    "equipe": "RnB de Rue",
    "jeune": true,
    "type": "jeune, 1er lieutenant",
    "pla": 76,
    "mo": 74,
    "mm": 74,
    "des": 72,
    "pav": 73,
    "clm": 76,
    "pro": 55,
    "spr": 55,
    "acc": 71,
    "end": 76,
    "res": 74,
    "rec": 75,
    "val": 73,
    "bar": 66
  },
  {
    "nom": "K Kamaro",
    "equipe": "RnB de Rue",
    "jeune": false,
    "type": "Rouleur, puncheur, CLM",
    "pla": 78,
    "mo": 64,
    "mm": 68,
    "des": 70,
    "pav": 73,
    "clm": 77,
    "pro": 55,
    "spr": 55,
    "acc": 66,
    "end": 74,
    "res": 73,
    "rec": 73,
    "val": 74,
    "bar": 60
  },
  {
    "nom": "Kaiser Bier",
    "equipe": "Österreichisches Bier",
    "jeune": false,
    "type": "Rouleur, Paveman, CLM",
    "pla": 74,
    "mo": 69,
    "mm": 68,
    "des": 68,
    "pav": 74,
    "clm": 78,
    "pro": 64,
    "spr": 64,
    "acc": 64,
    "end": 72,
    "res": 72,
    "rec": 69,
    "val": 67,
    "bar": 59
  },
  {
    "nom": "Kal Orifer",
    "equipe": "Viesmann",
    "jeune": true,
    "type": "jeune, 1er lieutenant",
    "pla": 70,
    "mo": 80,
    "mm": 75,
    "des": 70,
    "pav": 69,
    "clm": 69,
    "pro": 54,
    "spr": 54,
    "acc": 54,
    "end": 74,
    "res": 70,
    "rec": 71,
    "val": 74,
    "bar": 70
  },
  {
    "nom": "Kami Kaze",
    "equipe": "Daikin",
    "jeune": false,
    "type": "Puncheur, Baroudeur, km0",
    "pla": 68,
    "mo": 68,
    "mm": 68,
    "des": 68,
    "pav": 68,
    "clm": 68,
    "pro": 52,
    "spr": 72,
    "acc": 72,
    "end": 70,
    "res": 69,
    "rec": 68,
    "val": 75,
    "bar": 68
  },
  {
    "nom": "Kanye West",
    "equipe": "Weed",
    "jeune": true,
    "type": "jeune, 2eme lieutenant",
    "pla": 72,
    "mo": 77,
    "mm": 75,
    "des": 73,
    "pav": 72,
    "clm": 74,
    "pro": 54,
    "spr": 54,
    "acc": 61,
    "end": 73,
    "res": 73,
    "rec": 73,
    "val": 73,
    "bar": 54
  },
  {
    "nom": "Kar Rate",
    "equipe": "Daikin",
    "jeune": false,
    "type": "Grimpeur",
    "pla": 68,
    "mo": 77,
    "mm": 74,
    "des": 67,
    "pav": 59,
    "clm": 52,
    "pro": 52,
    "spr": 52,
    "acc": 52,
    "end": 71,
    "res": 68,
    "rec": 69,
    "val": 71,
    "bar": 68
  },
  {
    "nom": "Karl Beck",
    "equipe": "Bier Brigade",
    "jeune": true,
    "type": "jeune, 2eme lieutenant",
    "pla": 71,
    "mo": 77,
    "mm": 73,
    "des": 71,
    "pav": 65,
    "clm": 60,
    "pro": 55,
    "spr": 75,
    "acc": 75,
    "end": 75,
    "res": 75,
    "rec": 70,
    "val": 72,
    "bar": 76
  },
  {
    "nom": "Ki Inimod",
    "equipe": "Gangster and Gentleman",
    "jeune": true,
    "type": "jeune, 1er lieutenant",
    "pla": 71,
    "mo": 77,
    "mm": 77,
    "des": 74,
    "pav": 67,
    "clm": 54,
    "pro": 54,
    "spr": 54,
    "acc": 54,
    "end": 74,
    "res": 74,
    "rec": 74,
    "val": 69,
    "bar": 69
  },
  {
    "nom": "Kom Paan",
    "equipe": "Nederlands Bier",
    "jeune": false,
    "type": "Rouleur grimpeur",
    "pla": 70,
    "mo": 76,
    "mm": 71,
    "des": 70,
    "pav": 68,
    "clm": 71,
    "pro": 53,
    "spr": 66,
    "acc": 66,
    "end": 73,
    "res": 73,
    "rec": 68,
    "val": 70,
    "bar": 63
  },
  {
    "nom": "Lalande De Pomerol",
    "equipe": "20 Rouge",
    "jeune": true,
    "type": "jeune, 1er lieutenant",
    "pla": 69,
    "mo": 75,
    "mm": 75,
    "des": 72,
    "pav": 65,
    "clm": 52,
    "pro": 52,
    "spr": 52,
    "acc": 52,
    "end": 72,
    "res": 72,
    "rec": 72,
    "val": 67,
    "bar": 67
  },
  {
    "nom": "Lambrusco Prosecco",
    "equipe": "20 Rouge",
    "jeune": false,
    "type": "Rouleur, CLM",
    "pla": 74,
    "mo": 62,
    "mm": 62,
    "des": 62,
    "pav": 62,
    "clm": 74,
    "pro": 52,
    "spr": 52,
    "acc": 52,
    "end": 74,
    "res": 72,
    "rec": 70,
    "val": 67,
    "bar": 69
  },
  {
    "nom": "Lance Armstrong",
    "equipe": "Big Farma",
    "jeune": false,
    "type": "Leader",
    "pla": 73,
    "mo": 78,
    "mm": 76,
    "des": 74,
    "pav": 73,
    "clm": 73,
    "pro": 55,
    "spr": 55,
    "acc": 72,
    "end": 76,
    "res": 76,
    "rec": 76,
    "val": 73,
    "bar": 56
  },
  {
    "nom": "Laurent Jalabert",
    "equipe": "Froooonce",
    "jeune": false,
    "type": "Rouleur, CLM",
    "pla": 77,
    "mo": 65,
    "mm": 65,
    "des": 65,
    "pav": 65,
    "clm": 77,
    "pro": 55,
    "spr": 55,
    "acc": 55,
    "end": 77,
    "res": 75,
    "rec": 73,
    "val": 70,
    "bar": 72
  },
  {
    "nom": "Leer Dammer",
    "equipe": "Team Gouda",
    "jeune": false,
    "type": "Puncheur, Baroudeur, km0",
    "pla": 69,
    "mo": 69,
    "mm": 69,
    "des": 69,
    "pav": 69,
    "clm": 69,
    "pro": 53,
    "spr": 73,
    "acc": 73,
    "end": 71,
    "res": 70,
    "rec": 69,
    "val": 76,
    "bar": 69
  },
  {
    "nom": "Lef Fe",
    "equipe": "Belgisch Bier",
    "jeune": false,
    "type": "Rouleur grimpeur",
    "pla": 69,
    "mo": 75,
    "mm": 70,
    "des": 69,
    "pav": 67,
    "clm": 70,
    "pro": 52,
    "spr": 65,
    "acc": 65,
    "end": 72,
    "res": 72,
    "rec": 67,
    "val": 69,
    "bar": 62
  },
  {
    "nom": "Leo Pompasse",
    "equipe": "UCPSPA",
    "jeune": false,
    "type": "Sprinteur",
    "pla": 76,
    "mo": 62,
    "mm": 63,
    "des": 69,
    "pav": 67,
    "clm": 71,
    "pro": 54,
    "spr": 76,
    "acc": 76,
    "end": 71,
    "res": 71,
    "rec": 70,
    "val": 69,
    "bar": 59
  },
  {
    "nom": "Ley Den",
    "equipe": "Team Gouda",
    "jeune": false,
    "type": "Grimpeur",
    "pla": 69,
    "mo": 78,
    "mm": 75,
    "des": 68,
    "pav": 60,
    "clm": 53,
    "pro": 53,
    "spr": 53,
    "acc": 53,
    "end": 72,
    "res": 69,
    "rec": 70,
    "val": 72,
    "bar": 69
  },
  {
    "nom": "Linde Boom",
    "equipe": "Nederlands Bier",
    "jeune": false,
    "type": "Sprinteur",
    "pla": 70,
    "mo": 70,
    "mm": 68,
    "des": 68,
    "pav": 68,
    "clm": 58,
    "pro": 53,
    "spr": 76,
    "acc": 76,
    "end": 70,
    "res": 70,
    "rec": 68,
    "val": 68,
    "bar": 69
  },
  {
    "nom": "Luc Tenfré",
    "equipe": "Frisquet",
    "jeune": false,
    "type": "Porteur d'eau, CLM",
    "pla": 71,
    "mo": 71,
    "mm": 72,
    "des": 70,
    "pav": 70,
    "clm": 74,
    "pro": 53,
    "spr": 71,
    "acc": 71,
    "end": 71,
    "res": 71,
    "rec": 70,
    "val": 72,
    "bar": 69
  },
  {
    "nom": "Ma Roilles",
    "equipe": "Team Claquos",
    "jeune": false,
    "type": "Sprinteur",
    "pla": 74,
    "mo": 70,
    "mm": 70,
    "des": 70,
    "pav": 70,
    "clm": 67,
    "pro": 54,
    "spr": 76,
    "acc": 75,
    "end": 71,
    "res": 73,
    "rec": 70,
    "val": 70,
    "bar": 70
  },
  {
    "nom": "Maas Dam",
    "equipe": "Team Gouda",
    "jeune": true,
    "type": "jeune, 2eme lieutenant",
    "pla": 70,
    "mo": 76,
    "mm": 74,
    "des": 69,
    "pav": 74,
    "clm": 68,
    "pro": 53,
    "spr": 53,
    "acc": 53,
    "end": 75,
    "res": 69,
    "rec": 71,
    "val": 72,
    "bar": 67
  },
  {
    "nom": "Maitre Gims",
    "equipe": "Rap Street Boys",
    "jeune": true,
    "type": "jeune, 2eme lieutenant",
    "pla": 71,
    "mo": 74,
    "mm": 74,
    "des": 70,
    "pav": 70,
    "clm": 72,
    "pro": 53,
    "spr": 53,
    "acc": 70,
    "end": 74,
    "res": 72,
    "rec": 73,
    "val": 72,
    "bar": 66
  },
  {
    "nom": "Mangetes Morbier",
    "equipe": "Good Cheese",
    "jeune": true,
    "type": "jeune, 2eme lieutenant",
    "pla": 72,
    "mo": 78,
    "mm": 76,
    "des": 71,
    "pav": 76,
    "clm": 70,
    "pro": 55,
    "spr": 55,
    "acc": 55,
    "end": 77,
    "res": 71,
    "rec": 73,
    "val": 74,
    "bar": 69
  },
  {
    "nom": "Marco Pantani",
    "equipe": "Big Farma",
    "jeune": false,
    "type": "Grimpeur, Puncheur",
    "pla": 70,
    "mo": 78,
    "mm": 75,
    "des": 77,
    "pav": 60,
    "clm": 55,
    "pro": 55,
    "spr": 55,
    "acc": 74,
    "end": 72,
    "res": 72,
    "rec": 70,
    "val": 72,
    "bar": 73
  },
  {
    "nom": "Marion Jones",
    "equipe": "Doping",
    "jeune": false,
    "type": "Puncheur, Baroudeur, km0",
    "pla": 71,
    "mo": 73,
    "mm": 72,
    "des": 69,
    "pav": 64,
    "clm": 72,
    "pro": 52,
    "spr": 52,
    "acc": 67,
    "end": 70,
    "res": 70,
    "rec": 69,
    "val": 70,
    "bar": 71
  },
  {
    "nom": "Mascare Pone",
    "equipe": "Team Burrata",
    "jeune": false,
    "type": "Grimpeur",
    "pla": 68,
    "mo": 77,
    "mm": 74,
    "des": 67,
    "pav": 59,
    "clm": 52,
    "pro": 52,
    "spr": 52,
    "acc": 52,
    "end": 71,
    "res": 68,
    "rec": 69,
    "val": 71,
    "bar": 68
  },
  {
    "nom": "Matt Houston",
    "equipe": "RnB de Rue",
    "jeune": false,
    "type": "Leader",
    "pla": 72,
    "mo": 78,
    "mm": 77,
    "des": 70,
    "pav": 72,
    "clm": 73,
    "pro": 55,
    "spr": 55,
    "acc": 71,
    "end": 76,
    "res": 75,
    "rec": 76,
    "val": 75,
    "bar": 67
  },
  {
    "nom": "Matt Pokora",
    "equipe": "RnB de Rue",
    "jeune": false,
    "type": "Sprinteur",
    "pla": 77,
    "mo": 63,
    "mm": 64,
    "des": 70,
    "pav": 68,
    "clm": 72,
    "pro": 55,
    "spr": 77,
    "acc": 77,
    "end": 72,
    "res": 72,
    "rec": 71,
    "val": 70,
    "bar": 60
  },
  {
    "nom": "Maurice Greene",
    "equipe": "Doping",
    "jeune": false,
    "type": "Sprinteur",
    "pla": 74,
    "mo": 59,
    "mm": 57,
    "des": 57,
    "pav": 72,
    "clm": 52,
    "pro": 52,
    "spr": 75,
    "acc": 74,
    "end": 67,
    "res": 68,
    "rec": 69,
    "val": 68,
    "bar": 52
  },
  {
    "nom": "Max Weizen",
    "equipe": "Bier Brigade",
    "jeune": false,
    "type": "Rouleur, Paveman, CLM",
    "pla": 75,
    "mo": 70,
    "mm": 69,
    "des": 69,
    "pav": 75,
    "clm": 79,
    "pro": 65,
    "spr": 65,
    "acc": 65,
    "end": 73,
    "res": 73,
    "rec": 70,
    "val": 68,
    "bar": 60
  },
  {
    "nom": "Mi Loud",
    "equipe": "UCPSPA",
    "jeune": false,
    "type": "Leader",
    "pla": 71,
    "mo": 77,
    "mm": 76,
    "des": 69,
    "pav": 71,
    "clm": 72,
    "pro": 54,
    "spr": 54,
    "acc": 70,
    "end": 75,
    "res": 74,
    "rec": 75,
    "val": 74,
    "bar": 66
  },
  {
    "nom": "Michael Rasmussen",
    "equipe": "Big Farma",
    "jeune": false,
    "type": "Puncheur, Baroudeur, km0",
    "pla": 74,
    "mo": 76,
    "mm": 75,
    "des": 72,
    "pav": 67,
    "clm": 75,
    "pro": 55,
    "spr": 55,
    "acc": 70,
    "end": 73,
    "res": 73,
    "rec": 72,
    "val": 73,
    "bar": 74
  },
  {
    "nom": "Miguel Indurain",
    "equipe": "Big Farma",
    "jeune": true,
    "type": "jeune, 1er lieutenant, CLM",
    "pla": 74,
    "mo": 76,
    "mm": 75,
    "des": 74,
    "pav": 73,
    "clm": 77,
    "pro": 55,
    "spr": 55,
    "acc": 61,
    "end": 74,
    "res": 74,
    "rec": 75,
    "val": 74,
    "bar": 55
  },
  {
    "nom": "Mobb Infamous",
    "equipe": "Gangster and Gentleman",
    "jeune": false,
    "type": "Puncheur, Baroudeur, km0, descendeur",
    "pla": 69,
    "mo": 74,
    "mm": 74,
    "des": 77,
    "pav": 54,
    "clm": 54,
    "pro": 54,
    "spr": 54,
    "acc": 60,
    "end": 74,
    "res": 74,
    "rec": 74,
    "val": 69,
    "bar": 69
  },
  {
    "nom": "Moincinq Degré",
    "equipe": "Frisquet",
    "jeune": false,
    "type": "Sprinteur",
    "pla": 73,
    "mo": 69,
    "mm": 69,
    "des": 69,
    "pav": 69,
    "clm": 66,
    "pro": 53,
    "spr": 75,
    "acc": 74,
    "end": 70,
    "res": 72,
    "rec": 69,
    "val": 69,
    "bar": 69
  },
  {
    "nom": "Moos Tache",
    "equipe": "UCPSPA",
    "jeune": false,
    "type": "Paveman",
    "pla": 78,
    "mo": 62,
    "mm": 63,
    "des": 66,
    "pav": 78,
    "clm": 62,
    "pro": 54,
    "spr": 54,
    "acc": 71,
    "end": 70,
    "res": 71,
    "rec": 71,
    "val": 67,
    "bar": 69
  },
  {
    "nom": "Mozza Rella",
    "equipe": "Team Burrata",
    "jeune": false,
    "type": "Leader",
    "pla": 69,
    "mo": 76,
    "mm": 73,
    "des": 68,
    "pav": 74,
    "clm": 65,
    "pro": 52,
    "spr": 52,
    "acc": 52,
    "end": 75,
    "res": 68,
    "rec": 70,
    "val": 72,
    "bar": 64
  },
  {
    "nom": "Muscat Rivesaltes",
    "equipe": "20 Rouge",
    "jeune": false,
    "type": "Paveman, Sprinteur",
    "pla": 73,
    "mo": 61,
    "mm": 61,
    "des": 60,
    "pav": 71,
    "clm": 52,
    "pro": 52,
    "spr": 75,
    "acc": 71,
    "end": 70,
    "res": 72,
    "rec": 70,
    "val": 61,
    "bar": 67
  },
  {
    "nom": "N'golo Comté",
    "equipe": "Good Cheese",
    "jeune": false,
    "type": "Leader",
    "pla": 72,
    "mo": 79,
    "mm": 76,
    "des": 71,
    "pav": 77,
    "clm": 68,
    "pro": 55,
    "spr": 55,
    "acc": 55,
    "end": 78,
    "res": 71,
    "rec": 73,
    "val": 75,
    "bar": 67
  },
  {
    "nom": "Naruto Uzumaki",
    "equipe": "Daikin",
    "jeune": false,
    "type": "Leader",
    "pla": 69,
    "mo": 76,
    "mm": 73,
    "des": 68,
    "pav": 74,
    "clm": 65,
    "pro": 52,
    "spr": 52,
    "acc": 52,
    "end": 75,
    "res": 68,
    "rec": 70,
    "val": 72,
    "bar": 64
  },
  {
    "nom": "Nicolas De Bourgueil",
    "equipe": "20 Rouge",
    "jeune": false,
    "type": "Puncheur, Baroudeur, km0, descendeur",
    "pla": 67,
    "mo": 72,
    "mm": 72,
    "des": 75,
    "pav": 52,
    "clm": 52,
    "pro": 52,
    "spr": 52,
    "acc": 58,
    "end": 72,
    "res": 72,
    "rec": 72,
    "val": 67,
    "bar": 67
  },
  {
    "nom": "Nippon Nimove",
    "equipe": "Daikin",
    "jeune": false,
    "type": "Porteur d'eau, CLM",
    "pla": 70,
    "mo": 70,
    "mm": 71,
    "des": 69,
    "pav": 69,
    "clm": 73,
    "pro": 52,
    "spr": 70,
    "acc": 70,
    "end": 70,
    "res": 70,
    "rec": 69,
    "val": 71,
    "bar": 68
  },
  {
    "nom": "Oedipus Brewing",
    "equipe": "Nederlands Bier",
    "jeune": false,
    "type": "Rouleur, Paveman, CLM",
    "pla": 73,
    "mo": 68,
    "mm": 67,
    "des": 67,
    "pav": 73,
    "clm": 77,
    "pro": 63,
    "spr": 63,
    "acc": 63,
    "end": 71,
    "res": 71,
    "rec": 68,
    "val": 66,
    "bar": 58
  },
  {
    "nom": "Otta Kringer",
    "equipe": "Österreichisches Bier",
    "jeune": false,
    "type": "Leader",
    "pla": 71,
    "mo": 78,
    "mm": 74,
    "des": 69,
    "pav": 72,
    "clm": 77,
    "pro": 54,
    "spr": 71,
    "acc": 71,
    "end": 74,
    "res": 74,
    "rec": 69,
    "val": 71,
    "bar": 59
  },
  {
    "nom": "Otto Clave",
    "equipe": "Viesmann",
    "jeune": false,
    "type": "Grimpeur",
    "pla": 70,
    "mo": 79,
    "mm": 76,
    "des": 69,
    "pav": 61,
    "clm": 54,
    "pro": 54,
    "spr": 54,
    "acc": 54,
    "end": 73,
    "res": 70,
    "rec": 71,
    "val": 73,
    "bar": 70
  },
  {
    "nom": "Otto Krug",
    "equipe": "Bier Brigade",
    "jeune": false,
    "type": "Sprinteur",
    "pla": 72,
    "mo": 72,
    "mm": 70,
    "des": 70,
    "pav": 70,
    "clm": 60,
    "pro": 55,
    "spr": 78,
    "acc": 78,
    "end": 72,
    "res": 72,
    "rec": 70,
    "val": 70,
    "bar": 71
  },
  {
    "nom": "Oudgard Den",
    "equipe": "Belgisch Bier",
    "jeune": true,
    "type": "jeune, 1er lieutenant",
    "pla": 69,
    "mo": 75,
    "mm": 71,
    "des": 67,
    "pav": 69,
    "clm": 73,
    "pro": 52,
    "spr": 64,
    "acc": 65,
    "end": 73,
    "res": 73,
    "rec": 67,
    "val": 69,
    "bar": 57
  },
  {
    "nom": "Parmi Giano",
    "equipe": "Team Burrata",
    "jeune": true,
    "type": "jeune, 1er lieutenant",
    "pla": 68,
    "mo": 78,
    "mm": 73,
    "des": 68,
    "pav": 67,
    "clm": 67,
    "pro": 52,
    "spr": 52,
    "acc": 52,
    "end": 72,
    "res": 68,
    "rec": 69,
    "val": 72,
    "bar": 68
  },
  {
    "nom": "Peco Rino",
    "equipe": "Team Burrata",
    "jeune": false,
    "type": "Sprinteur",
    "pla": 72,
    "mo": 68,
    "mm": 68,
    "des": 68,
    "pav": 68,
    "clm": 65,
    "pro": 52,
    "spr": 74,
    "acc": 73,
    "end": 69,
    "res": 71,
    "rec": 68,
    "val": 68,
    "bar": 68
  },
  {
    "nom": "Pico Don",
    "equipe": "Team Claquos",
    "jeune": false,
    "type": "Puncheur, Baroudeur, km0",
    "pla": 70,
    "mo": 70,
    "mm": 70,
    "des": 70,
    "pav": 70,
    "clm": 70,
    "pro": 54,
    "spr": 74,
    "acc": 74,
    "end": 72,
    "res": 71,
    "rec": 70,
    "val": 77,
    "bar": 70
  },
  {
    "nom": "Pierre Palmade",
    "equipe": "Over Dose Racing",
    "jeune": true,
    "type": "jeune, 2eme lieutenant",
    "pla": 71,
    "mo": 76,
    "mm": 74,
    "des": 72,
    "pav": 71,
    "clm": 73,
    "pro": 53,
    "spr": 53,
    "acc": 60,
    "end": 72,
    "res": 72,
    "rec": 72,
    "val": 72,
    "bar": 53
  },
  {
    "nom": "Piti Chou",
    "equipe": "Team Alençon",
    "jeune": false,
    "type": "Sprinteur",
    "pla": 74,
    "mo": 60,
    "mm": 61,
    "des": 67,
    "pav": 65,
    "clm": 69,
    "pro": 52,
    "spr": 74,
    "acc": 74,
    "end": 69,
    "res": 69,
    "rec": 68,
    "val": 67,
    "bar": 57
  },
  {
    "nom": "Punti Gamer",
    "equipe": "Österreichisches Bier",
    "jeune": false,
    "type": "Rouleur grimpeur",
    "pla": 71,
    "mo": 77,
    "mm": 72,
    "des": 71,
    "pav": 69,
    "clm": 72,
    "pro": 54,
    "spr": 67,
    "acc": 67,
    "end": 74,
    "res": 74,
    "rec": 69,
    "val": 71,
    "bar": 64
  },
  {
    "nom": "Ra Aekwon",
    "equipe": "Gangster and Gentleman",
    "jeune": false,
    "type": "Rouleur, CLM",
    "pla": 76,
    "mo": 64,
    "mm": 64,
    "des": 64,
    "pav": 64,
    "clm": 76,
    "pro": 54,
    "spr": 54,
    "acc": 54,
    "end": 76,
    "res": 74,
    "rec": 72,
    "val": 69,
    "bar": 71
  },
  {
    "nom": "Ra Chelle",
    "equipe": "UCPSPA",
    "jeune": true,
    "type": "jeune, 2eme lieutenant",
    "pla": 72,
    "mo": 75,
    "mm": 75,
    "des": 71,
    "pav": 71,
    "clm": 73,
    "pro": 54,
    "spr": 54,
    "acc": 71,
    "end": 75,
    "res": 73,
    "rec": 74,
    "val": 73,
    "bar": 67
  },
  {
    "nom": "Raymond Gold",
    "equipe": "Good Cheese",
    "jeune": false,
    "type": "Grimpeur",
    "pla": 71,
    "mo": 80,
    "mm": 77,
    "des": 70,
    "pav": 62,
    "clm": 55,
    "pro": 55,
    "spr": 55,
    "acc": 55,
    "end": 74,
    "res": 71,
    "rec": 72,
    "val": 74,
    "bar": 71
  },
  {
    "nom": "Raymond Poulidor",
    "equipe": "Froooonce",
    "jeune": false,
    "type": "Paveman, Sprinteur",
    "pla": 76,
    "mo": 64,
    "mm": 64,
    "des": 63,
    "pav": 74,
    "clm": 55,
    "pro": 55,
    "spr": 78,
    "acc": 74,
    "end": 73,
    "res": 75,
    "rec": 73,
    "val": 64,
    "bar": 70
  },
  {
    "nom": "Rez Iztense",
    "equipe": "Viesmann",
    "jeune": false,
    "type": "Puncheur, Baroudeur, km0",
    "pla": 70,
    "mo": 70,
    "mm": 70,
    "des": 70,
    "pav": 70,
    "clm": 70,
    "pro": 54,
    "spr": 74,
    "acc": 74,
    "end": 72,
    "res": 71,
    "rec": 70,
    "val": 77,
    "bar": 70
  },
  {
    "nom": "Riccardo Ricco",
    "equipe": "Saunier Duval",
    "jeune": false,
    "type": "Leader",
    "pla": 72,
    "mo": 79,
    "mm": 76,
    "des": 71,
    "pav": 77,
    "clm": 68,
    "pro": 55,
    "spr": 55,
    "acc": 55,
    "end": 78,
    "res": 71,
    "rec": 73,
    "val": 75,
    "bar": 67
  },
  {
    "nom": "Richard Virenque",
    "equipe": "Froooonce",
    "jeune": false,
    "type": "Leader",
    "pla": 72,
    "mo": 79,
    "mm": 78,
    "des": 74,
    "pav": 72,
    "clm": 71,
    "pro": 55,
    "spr": 55,
    "acc": 62,
    "end": 76,
    "res": 76,
    "rec": 74,
    "val": 70,
    "bar": 70
  },
  {
    "nom": "Rico Ta",
    "equipe": "Team Burrata",
    "jeune": false,
    "type": "Puncheur, Baroudeur, km0",
    "pla": 68,
    "mo": 68,
    "mm": 68,
    "des": 68,
    "pav": 68,
    "clm": 68,
    "pro": 52,
    "spr": 72,
    "acc": 72,
    "end": 70,
    "res": 69,
    "rec": 68,
    "val": 75,
    "bar": 68
  },
  {
    "nom": "Rigoberto Ouran",
    "equipe": "Suceurs 2 Roues",
    "jeune": false,
    "type": "Rouleur, CLM",
    "pla": 75,
    "mo": 63,
    "mm": 63,
    "des": 63,
    "pav": 63,
    "clm": 75,
    "pro": 53,
    "spr": 53,
    "acc": 53,
    "end": 75,
    "res": 73,
    "rec": 71,
    "val": 68,
    "bar": 70
  },
  {
    "nom": "Robert de la Bergerie",
    "equipe": "UCPSPA",
    "jeune": true,
    "type": "jeune, 1er lieutenant",
    "pla": 75,
    "mo": 73,
    "mm": 73,
    "des": 71,
    "pav": 72,
    "clm": 75,
    "pro": 54,
    "spr": 54,
    "acc": 70,
    "end": 75,
    "res": 73,
    "rec": 74,
    "val": 72,
    "bar": 65
  },
  {
    "nom": "Robin Aitery",
    "equipe": "Frisquet",
    "jeune": false,
    "type": "Paveman",
    "pla": 73,
    "mo": 69,
    "mm": 69,
    "des": 69,
    "pav": 77,
    "clm": 69,
    "pro": 53,
    "spr": 69,
    "acc": 69,
    "end": 72,
    "res": 69,
    "rec": 70,
    "val": 69,
    "bar": 69
  },
  {
    "nom": "Roch Fort",
    "equipe": "Team Claquos",
    "jeune": true,
    "type": "jeune, 1er lieutenant",
    "pla": 70,
    "mo": 80,
    "mm": 75,
    "des": 70,
    "pav": 69,
    "clm": 69,
    "pro": 54,
    "spr": 54,
    "acc": 54,
    "end": 74,
    "res": 70,
    "rec": 71,
    "val": 74,
    "bar": 70
  },
  {
    "nom": "Romain Blochon",
    "equipe": "Good Cheese",
    "jeune": false,
    "type": "Paveman",
    "pla": 75,
    "mo": 71,
    "mm": 71,
    "des": 71,
    "pav": 79,
    "clm": 71,
    "pro": 55,
    "spr": 71,
    "acc": 71,
    "end": 74,
    "res": 71,
    "rec": 72,
    "val": 71,
    "bar": 71
  },
  {
    "nom": "Saint Emilion",
    "equipe": "20 Rouge",
    "jeune": false,
    "type": "Leader",
    "pla": 69,
    "mo": 76,
    "mm": 75,
    "des": 71,
    "pav": 69,
    "clm": 68,
    "pro": 52,
    "spr": 52,
    "acc": 59,
    "end": 73,
    "res": 73,
    "rec": 71,
    "val": 67,
    "bar": 67
  },
  {
    "nom": "Saint Nectaire",
    "equipe": "Team Claquos",
    "jeune": false,
    "type": "Grimpeur",
    "pla": 70,
    "mo": 79,
    "mm": 76,
    "des": 69,
    "pav": 61,
    "clm": 54,
    "pro": 54,
    "spr": 54,
    "acc": 54,
    "end": 73,
    "res": 70,
    "rec": 71,
    "val": 73,
    "bar": 70
  },
  {
    "nom": "Samy Naceri",
    "equipe": "Over Dose Racing",
    "jeune": false,
    "type": "Grimpeur, Puncheur",
    "pla": 68,
    "mo": 76,
    "mm": 73,
    "des": 75,
    "pav": 58,
    "clm": 53,
    "pro": 53,
    "spr": 53,
    "acc": 72,
    "end": 70,
    "res": 70,
    "rec": 68,
    "val": 70,
    "bar": 71
  },
  {
    "nom": "Sashi Mi",
    "equipe": "Daikin",
    "jeune": true,
    "type": "jeune, 2eme lieutenant",
    "pla": 69,
    "mo": 75,
    "mm": 73,
    "des": 68,
    "pav": 73,
    "clm": 67,
    "pro": 52,
    "spr": 52,
    "acc": 52,
    "end": 74,
    "res": 68,
    "rec": 70,
    "val": 71,
    "bar": 66
  },
  {
    "nom": "Shin Kansen",
    "equipe": "Daikin",
    "jeune": false,
    "type": "Sprinteur",
    "pla": 72,
    "mo": 68,
    "mm": 68,
    "des": 68,
    "pav": 68,
    "clm": 65,
    "pro": 52,
    "spr": 74,
    "acc": 73,
    "end": 69,
    "res": 71,
    "rec": 68,
    "val": 68,
    "bar": 68
  },
  {
    "nom": "Snoop Dog",
    "equipe": "Weed",
    "jeune": false,
    "type": "Leader",
    "pla": 72,
    "mo": 77,
    "mm": 75,
    "des": 73,
    "pav": 72,
    "clm": 72,
    "pro": 54,
    "spr": 54,
    "acc": 71,
    "end": 75,
    "res": 75,
    "rec": 75,
    "val": 72,
    "bar": 55
  },
  {
    "nom": "So Prano",
    "equipe": "Rap Street Boys",
    "jeune": false,
    "type": "Rouleur, puncheur, CLM",
    "pla": 76,
    "mo": 62,
    "mm": 66,
    "des": 68,
    "pav": 71,
    "clm": 75,
    "pro": 53,
    "spr": 53,
    "acc": 64,
    "end": 72,
    "res": 71,
    "rec": 71,
    "val": 72,
    "bar": 58
  },
  {
    "nom": "Stella Artois",
    "equipe": "Belgisch Bier",
    "jeune": true,
    "type": "jeune, 2eme lieutenant",
    "pla": 68,
    "mo": 74,
    "mm": 70,
    "des": 68,
    "pav": 62,
    "clm": 57,
    "pro": 52,
    "spr": 72,
    "acc": 72,
    "end": 72,
    "res": 72,
    "rec": 67,
    "val": 69,
    "bar": 73
  },
  {
    "nom": "Steven Kruijswijuijswijk",
    "equipe": "Suceurs 2 Roues",
    "jeune": false,
    "type": "Paveman, Sprinteur",
    "pla": 74,
    "mo": 62,
    "mm": 62,
    "des": 61,
    "pav": 72,
    "clm": 53,
    "pro": 53,
    "spr": 76,
    "acc": 72,
    "end": 71,
    "res": 73,
    "rec": 71,
    "val": 62,
    "bar": 68
  },
  {
    "nom": "Stra Chino",
    "equipe": "Team Burrata",
    "jeune": false,
    "type": "Porteur d'eau, CLM",
    "pla": 70,
    "mo": 70,
    "mm": 71,
    "des": 69,
    "pav": 69,
    "clm": 73,
    "pro": 52,
    "spr": 70,
    "acc": 70,
    "end": 70,
    "res": 70,
    "rec": 69,
    "val": 71,
    "bar": 68
  },
  {
    "nom": "Stro Mae",
    "equipe": "Rap Street Boys",
    "jeune": false,
    "type": "Grimpeur",
    "pla": 68,
    "mo": 76,
    "mm": 75,
    "des": 69,
    "pav": 64,
    "clm": 61,
    "pro": 53,
    "spr": 53,
    "acc": 68,
    "end": 71,
    "res": 71,
    "rec": 71,
    "val": 72,
    "bar": 70
  },
  {
    "nom": "Sun Yang",
    "equipe": "Doping",
    "jeune": false,
    "type": "Paveman, Poisson Pilote",
    "pla": 73,
    "mo": 59,
    "mm": 57,
    "des": 57,
    "pav": 75,
    "clm": 52,
    "pro": 52,
    "spr": 71,
    "acc": 71,
    "end": 70,
    "res": 71,
    "rec": 69,
    "val": 68,
    "bar": 71
  },
  {
    "nom": "Taka Tire",
    "equipe": "Daikin",
    "jeune": false,
    "type": "Paveman",
    "pla": 72,
    "mo": 68,
    "mm": 68,
    "des": 68,
    "pav": 76,
    "clm": 68,
    "pro": 52,
    "spr": 68,
    "acc": 68,
    "end": 71,
    "res": 68,
    "rec": 69,
    "val": 68,
    "bar": 68
  },
  {
    "nom": "Therm Hostat",
    "equipe": "Viesmann",
    "jeune": false,
    "type": "Paveman",
    "pla": 74,
    "mo": 70,
    "mm": 70,
    "des": 70,
    "pav": 78,
    "clm": 70,
    "pro": 54,
    "spr": 70,
    "acc": 70,
    "end": 73,
    "res": 70,
    "rec": 71,
    "val": 70,
    "bar": 70
  },
  {
    "nom": "Thibaut Pinot",
    "equipe": "Froooonce",
    "jeune": true,
    "type": "jeune, 1er lieutenant",
    "pla": 72,
    "mo": 78,
    "mm": 78,
    "des": 75,
    "pav": 68,
    "clm": 55,
    "pro": 55,
    "spr": 55,
    "acc": 55,
    "end": 75,
    "res": 75,
    "rec": 75,
    "val": 70,
    "bar": 70
  },
  {
    "nom": "Thierry Ardisson",
    "equipe": "Over Dose Racing",
    "jeune": false,
    "type": "Paveman, Poisson Pilote",
    "pla": 74,
    "mo": 60,
    "mm": 58,
    "des": 58,
    "pav": 76,
    "clm": 53,
    "pro": 53,
    "spr": 72,
    "acc": 72,
    "end": 71,
    "res": 72,
    "rec": 70,
    "val": 69,
    "bar": 72
  },
  {
    "nom": "Thomas Voeckler",
    "equipe": "Froooonce",
    "jeune": false,
    "type": "Puncheur, Baroudeur, km0, descendeur",
    "pla": 70,
    "mo": 75,
    "mm": 75,
    "des": 78,
    "pav": 55,
    "clm": 55,
    "pro": 55,
    "spr": 55,
    "acc": 61,
    "end": 75,
    "res": 75,
    "rec": 75,
    "val": 70,
    "bar": 70
  },
  {
    "nom": "Tim Montgomery",
    "equipe": "Doping",
    "jeune": false,
    "type": "Grimpeur, porteur d'eau",
    "pla": 72,
    "mo": 72,
    "mm": 72,
    "des": 67,
    "pav": 67,
    "clm": 72,
    "pro": 52,
    "spr": 69,
    "acc": 69,
    "end": 67,
    "res": 67,
    "rec": 72,
    "val": 71,
    "bar": 53
  },
  {
    "nom": "Tom Desbauges",
    "equipe": "Good Cheese",
    "jeune": false,
    "type": "Puncheur, Baroudeur, km0",
    "pla": 71,
    "mo": 71,
    "mm": 71,
    "des": 71,
    "pav": 71,
    "clm": 71,
    "pro": 55,
    "spr": 75,
    "acc": 75,
    "end": 73,
    "res": 72,
    "rec": 71,
    "val": 78,
    "bar": 71
  },
  {
    "nom": "Tom Simpson",
    "equipe": "Doping",
    "jeune": false,
    "type": "Grimpeur, Puncheur",
    "pla": 67,
    "mo": 75,
    "mm": 72,
    "des": 74,
    "pav": 57,
    "clm": 52,
    "pro": 52,
    "spr": 52,
    "acc": 71,
    "end": 69,
    "res": 69,
    "rec": 67,
    "val": 69,
    "bar": 70
  },
  {
    "nom": "Tonton Graillou",
    "equipe": "Team Alençon",
    "jeune": true,
    "type": "jeune, 2eme lieutenant",
    "pla": 70,
    "mo": 73,
    "mm": 73,
    "des": 69,
    "pav": 69,
    "clm": 71,
    "pro": 52,
    "spr": 52,
    "acc": 69,
    "end": 73,
    "res": 71,
    "rec": 72,
    "val": 71,
    "bar": 65
  },
  {
    "nom": "Trumer Pils",
    "equipe": "Österreichisches Bier",
    "jeune": true,
    "type": "jeune, 2eme lieutenant",
    "pla": 70,
    "mo": 76,
    "mm": 72,
    "des": 70,
    "pav": 64,
    "clm": 59,
    "pro": 54,
    "spr": 74,
    "acc": 74,
    "end": 74,
    "res": 74,
    "rec": 69,
    "val": 71,
    "bar": 75
  },
  {
    "nom": "Tyler Hamilton",
    "equipe": "Big Farma",
    "jeune": false,
    "type": "Grimpeur, porteur d'eau",
    "pla": 75,
    "mo": 75,
    "mm": 75,
    "des": 70,
    "pav": 70,
    "clm": 75,
    "pro": 55,
    "spr": 72,
    "acc": 72,
    "end": 70,
    "res": 70,
    "rec": 75,
    "val": 74,
    "bar": 56
  },
  {
    "nom": "Ughes Goboss",
    "equipe": "Gangster and Gentleman",
    "jeune": true,
    "type": "jeune, 2eme lieutenant, baroudeur",
    "pla": 70,
    "mo": 72,
    "mm": 76,
    "des": 74,
    "pav": 72,
    "clm": 54,
    "pro": 54,
    "spr": 64,
    "acc": 69,
    "end": 74,
    "res": 74,
    "rec": 74,
    "val": 75,
    "bar": 70
  },
  {
    "nom": "Uwe Pilsner",
    "equipe": "Bier Brigade",
    "jeune": false,
    "type": "Leader",
    "pla": 72,
    "mo": 79,
    "mm": 75,
    "des": 70,
    "pav": 73,
    "clm": 78,
    "pro": 55,
    "spr": 72,
    "acc": 72,
    "end": 75,
    "res": 75,
    "rec": 70,
    "val": 72,
    "bar": 60
  },
  {
    "nom": "Van Sifer",
    "equipe": "Viesmann",
    "jeune": false,
    "type": "Porteur d'eau, CLM",
    "pla": 72,
    "mo": 72,
    "mm": 73,
    "des": 71,
    "pav": 71,
    "clm": 75,
    "pro": 54,
    "spr": 72,
    "acc": 72,
    "end": 72,
    "res": 72,
    "rec": 71,
    "val": 73,
    "bar": 70
  },
  {
    "nom": "Vianney Pangrazy",
    "equipe": "Team Alençon",
    "jeune": true,
    "type": "jeune, 1er lieutenant",
    "pla": 73,
    "mo": 71,
    "mm": 71,
    "des": 69,
    "pav": 70,
    "clm": 73,
    "pro": 52,
    "spr": 52,
    "acc": 68,
    "end": 73,
    "res": 71,
    "rec": 72,
    "val": 70,
    "bar": 63
  },
  {
    "nom": "Vinz Cent",
    "equipe": "UCPSPA",
    "jeune": false,
    "type": "Grimpeur",
    "pla": 69,
    "mo": 77,
    "mm": 76,
    "des": 70,
    "pav": 65,
    "clm": 62,
    "pro": 54,
    "spr": 54,
    "acc": 69,
    "end": 72,
    "res": 72,
    "rec": 72,
    "val": 73,
    "bar": 71
  },
  {
    "nom": "West Malle",
    "equipe": "Belgisch Bier",
    "jeune": false,
    "type": "Sprinteur",
    "pla": 69,
    "mo": 69,
    "mm": 67,
    "des": 67,
    "pav": 67,
    "clm": 57,
    "pro": 52,
    "spr": 75,
    "acc": 75,
    "end": 69,
    "res": 69,
    "rec": 67,
    "val": 67,
    "bar": 68
  },
  {
    "nom": "Wiesel Burger",
    "equipe": "Österreichisches Bier",
    "jeune": true,
    "type": "jeune, 1er lieutenant",
    "pla": 71,
    "mo": 77,
    "mm": 73,
    "des": 69,
    "pav": 71,
    "clm": 75,
    "pro": 54,
    "spr": 66,
    "acc": 67,
    "end": 75,
    "res": 75,
    "rec": 69,
    "val": 71,
    "bar": 59
  },
  {
    "nom": "Willy Denzey",
    "equipe": "RnB de Rue",
    "jeune": true,
    "type": "jeune, 2eme lieutenant",
    "pla": 73,
    "mo": 76,
    "mm": 76,
    "des": 72,
    "pav": 72,
    "clm": 74,
    "pro": 55,
    "spr": 55,
    "acc": 72,
    "end": 76,
    "res": 74,
    "rec": 75,
    "val": 74,
    "bar": 68
  },
  {
    "nom": "Wiz Khalifa",
    "equipe": "Weed",
    "jeune": false,
    "type": "Puncheur, Baroudeur, km0",
    "pla": 73,
    "mo": 75,
    "mm": 74,
    "des": 71,
    "pav": 66,
    "clm": 74,
    "pro": 54,
    "spr": 54,
    "acc": 69,
    "end": 72,
    "res": 72,
    "rec": 71,
    "val": 72,
    "bar": 73
  },
  {
    "nom": "Yves Caille",
    "equipe": "Frisquet",
    "jeune": false,
    "type": "Puncheur, Baroudeur, km0",
    "pla": 69,
    "mo": 69,
    "mm": 69,
    "des": 69,
    "pav": 69,
    "clm": 69,
    "pro": 53,
    "spr": 73,
    "acc": 73,
    "end": 71,
    "res": 70,
    "rec": 69,
    "val": 76,
    "bar": 69
  },
  {
    "nom": "Yves Gêle",
    "equipe": "Frisquet",
    "jeune": false,
    "type": "Leader",
    "pla": 70,
    "mo": 77,
    "mm": 74,
    "des": 69,
    "pav": 75,
    "clm": 66,
    "pro": 53,
    "spr": 53,
    "acc": 53,
    "end": 76,
    "res": 69,
    "rec": 71,
    "val": 73,
    "bar": 65
  },
  {
    "nom": "Yves Voncrevay",
    "equipe": "Gangster and Gentleman",
    "jeune": false,
    "type": "Grimpeur, Puncheur",
    "pla": 70,
    "mo": 74,
    "mm": 74,
    "des": 71,
    "pav": 69,
    "clm": 54,
    "pro": 54,
    "spr": 54,
    "acc": 54,
    "end": 76,
    "res": 76,
    "rec": 74,
    "val": 70,
    "bar": 70
  },
  {
    "nom": "Zip Fer",
    "equipe": "Österreichisches Bier",
    "jeune": false,
    "type": "Puncheur, Baroudeur, km0",
    "pla": 71,
    "mo": 74,
    "mm": 71,
    "des": 70,
    "pav": 69,
    "clm": 78,
    "pro": 54,
    "spr": 68,
    "acc": 68,
    "end": 72,
    "res": 72,
    "rec": 69,
    "val": 69,
    "bar": 71
  },
  {
    "nom": "Zun Dert",
    "equipe": "Nederlands Bier",
    "jeune": false,
    "type": "Poisson Pilote",
    "pla": 71,
    "mo": 68,
    "mm": 68,
    "des": 68,
    "pav": 70,
    "clm": 75,
    "pro": 63,
    "spr": 74,
    "acc": 74,
    "end": 68,
    "res": 68,
    "rec": 68,
    "val": 68,
    "bar": 59
  }
]