[
  {
    "position": 1,
    "equipe": "Bier Brigade",
    "temps": "07:30:27",
    "ecart": "Leader équipe",
    "joueur": "Bismuth"
  },
  {
    "position": 2,
    "equipe": "Big Farma",
    "temps": "07:30:27",
    "ecart": " - ",
    "joueur": "mcohara"
  },
  {
    "position": 3,
    "equipe": "RnB de Rue",
    "temps": "07:30:27",
    "ecart": " - ",
    "joueur": "Tefouine"
  },
  {
    "position": 4,
    "equipe": "Froooonce",
    "temps": "07:30:27",
    "ecart": " - ",
    "joueur": "RicH33"
  },
  {
    "position": 5,
    "equipe": "Weed",
    "temps": "07:30:27",
    "ecart": " - ",
    "joueur": ""
  },
  {
    "position": 6,
    "equipe": "Team Claquos",
    "temps": "07:30:27",
    "ecart": " - ",
    "joueur": ""
  },
  {
    "position": 7,
    "equipe": "Saunier Duval",
    "temps": "07:30:27",
    "ecart": " - ",
    "joueur": ""
  },
  {
    "position": 8,
    "equipe": "Viesmann",
    "temps": "07:30:27",
    "ecart": " - ",
    "joueur": ""
  },
  {
    "position": 9,
    "equipe": "Nederlands Bier",
    "temps": "07:30:27",
    "ecart": " - ",
    "joueur": ""
  },
  {
    "position": 10,
    "equipe": "Gangster and Gentleman",
    "temps": "07:30:27",
    "ecart": " - ",
    "joueur": ""
  },
  {
    "position": 11,
    "equipe": "UCPSPA",
    "temps": "07:32:26",
    "ecart": "+1'59",
    "joueur": ""
  },
  {
    "position": 12,
    "equipe": "Good Cheese",
    "temps": "07:33:12",
    "ecart": "+2'45",
    "joueur": ""
  },
  {
    "position": 13,
    "equipe": "Österreichisches Bier",
    "temps": "07:35:58",
    "ecart": "+5'31",
    "joueur": ""
  },
  {
    "position": 14,
    "equipe": "Belgisch Bier",
    "temps": "07:36:44",
    "ecart": "+6'17",
    "joueur": ""
  },
  {
    "position": 15,
    "equipe": "Rap Street Boys",
    "temps": "07:36:44",
    "ecart": " - ",
    "joueur": ""
  },
  {
    "position": 16,
    "equipe": "Over Dose Racing",
    "temps": "07:37:31",
    "ecart": "+7'04",
    "joueur": ""
  },
  {
    "position": 17,
    "equipe": "Team Gouda",
    "temps": "07:37:31",
    "ecart": " - ",
    "joueur": ""
  },
  {
    "position": 18,
    "equipe": "Frisquet",
    "temps": "07:37:31",
    "ecart": " - ",
    "joueur": ""
  },
  {
    "position": 19,
    "equipe": "Suceurs 2 Roues",
    "temps": "07:37:31",
    "ecart": " - ",
    "joueur": ""
  },
  {
    "position": 20,
    "equipe": "Doping",
    "temps": "07:41:03",
    "ecart": "+10'36",
    "joueur": ""
  },
  {
    "position": 21,
    "equipe": "Team Burrata",
    "temps": "07:41:03",
    "ecart": " - ",
    "joueur": ""
  },
  {
    "position": 22,
    "equipe": "Daikin",
    "temps": "07:41:03",
    "ecart": " - ",
    "joueur": ""
  },
  {
    "position": 23,
    "equipe": "Team Alençon",
    "temps": "07:41:03",
    "ecart": " - ",
    "joueur": ""
  },
  {
    "position": 24,
    "equipe": "20 Rouge",
    "temps": "07:41:03",
    "ecart": " - ",
    "joueur": ""
  }
]