[
  {
    "position": 1,
    "equipe": "Bier Brigade",
    "temps": "00:40:00",
    "ecart": "Leader équipe",
    "joueur": "Bismuth"
  },
  {
    "position": 2,
    "equipe": "Big Farma",
    "temps": "00:40:49",
    "ecart": "+0'49",
    "joueur": "mcohara"
  },
  {
    "position": 3,
    "equipe": "Österreichisches Bier",
    "temps": "00:40:54",
    "ecart": "+0'54",
    "joueur": ""
  },
  {
    "position": 4,
    "equipe": "Weed",
    "temps": "00:41:05",
    "ecart": "+1'05",
    "joueur": ""
  },
  {
    "position": 5,
    "equipe": "RnB de Rue",
    "temps": "00:41:15",
    "ecart": "+1'15",
    "joueur": "Tefouine"
  },
  {
    "position": 6,
    "equipe": "Good Cheese",
    "temps": "00:41:24",
    "ecart": "+1'24",
    "joueur": ""
  },
  {
    "position": 7,
    "equipe": "Belgisch Bier",
    "temps": "00:41:50",
    "ecart": "+1'50",
    "joueur": ""
  },
  {
    "position": 8,
    "equipe": "Nederlands Bier",
    "temps": "00:41:55",
    "ecart": "+1'55",
    "joueur": ""
  },
  {
    "position": 9,
    "equipe": "UCPSPA",
    "temps": "00:41:59",
    "ecart": "+1'59",
    "joueur": ""
  },
  {
    "position": 10,
    "equipe": "Over Dose Racing",
    "temps": "00:42:00",
    "ecart": "+2'00",
    "joueur": ""
  },
  {
    "position": 11,
    "equipe": "Team Claquos",
    "temps": "00:42:05",
    "ecart": "+2'05",
    "joueur": ""
  },
  {
    "position": 12,
    "equipe": "Suceurs 2 Roues",
    "temps": "00:42:21",
    "ecart": "+2'21",
    "joueur": ""
  },
  {
    "position": 13,
    "equipe": "Saunier Duval",
    "temps": "00:42:27",
    "ecart": "+2'27",
    "joueur": ""
  },
  {
    "position": 14,
    "equipe": "Doping",
    "temps": "00:42:33",
    "ecart": "+2'33",
    "joueur": ""
  },
  {
    "position": 15,
    "equipe": "Froooonce",
    "temps": "00:42:33",
    "ecart": " - ",
    "joueur": "RicH33"
  },
  {
    "position": 16,
    "equipe": "Team Alençon",
    "temps": "00:42:36",
    "ecart": "+2'36",
    "joueur": ""
  },
  {
    "position": 17,
    "equipe": "Viesmann",
    "temps": "00:42:43",
    "ecart": "+2'43",
    "joueur": ""
  },
  {
    "position": 18,
    "equipe": "Team Gouda",
    "temps": "00:42:51",
    "ecart": "+2'51",
    "joueur": ""
  },
  {
    "position": 19,
    "equipe": "Frisquet",
    "temps": "00:43:05",
    "ecart": "+3'05",
    "joueur": ""
  },
  {
    "position": 20,
    "equipe": "Team Burrata",
    "temps": "00:43:07",
    "ecart": "+3'07",
    "joueur": ""
  },
  {
    "position": 21,
    "equipe": "20 Rouge",
    "temps": "00:43:09",
    "ecart": "+3'09",
    "joueur": ""
  },
  {
    "position": 22,
    "equipe": "Rap Street Boys",
    "temps": "00:43:11",
    "ecart": "+3'11",
    "joueur": ""
  },
  {
    "position": 23,
    "equipe": "Daikin",
    "temps": "00:43:26",
    "ecart": "+3'26",
    "joueur": ""
  },
  {
    "position": 24,
    "equipe": "Gangster and Gentleman",
    "temps": "00:43:28",
    "ecart": "+3'28",
    "joueur": ""
  }
]