[
  {
    "position": 1,
    "equipe": "RnB de Rue",
    "temps": "10:12:27",
    "ecart": "Leader équipe",
    "joueur": "Tefouine"
  },
  {
    "position": 2,
    "equipe": "Big Farma",
    "temps": "10:12:27",
    "ecart": " - ",
    "joueur": "mcohara"
  },
  {
    "position": 3,
    "equipe": "Froooonce",
    "temps": "10:12:31",
    "ecart": "+0'04",
    "joueur": "RicH33"
  },
  {
    "position": 4,
    "equipe": "Bier Brigade",
    "temps": "10:12:41",
    "ecart": "+0'14",
    "joueur": "Bismuth"
  },
  {
    "position": 5,
    "equipe": "Saunier Duval",
    "temps": "10:13:14",
    "ecart": "+0'47",
    "joueur": ""
  },
  {
    "position": 6,
    "equipe": "Good Cheese",
    "temps": "10:13:15",
    "ecart": "+0'48",
    "joueur": ""
  },
  {
    "position": 7,
    "equipe": "Team Claquos",
    "temps": "10:13:55",
    "ecart": "+1'28",
    "joueur": ""
  },
  {
    "position": 8,
    "equipe": "Viesmann",
    "temps": "10:14:09",
    "ecart": "+1'42",
    "joueur": ""
  },
  {
    "position": 9,
    "equipe": "UCPSPA",
    "temps": "10:18:45",
    "ecart": "+6'18",
    "joueur": ""
  },
  {
    "position": 10,
    "equipe": "Gangster and Gentleman",
    "temps": "10:23:15",
    "ecart": "+10'48",
    "joueur": ""
  },
  {
    "position": 11,
    "equipe": "Team Gouda",
    "temps": "10:26:40",
    "ecart": "+14'13",
    "joueur": ""
  },
  {
    "position": 12,
    "equipe": "Daikin",
    "temps": "10:31:38",
    "ecart": "+19'11",
    "joueur": ""
  },
  {
    "position": 13,
    "equipe": "Österreichisches Bier",
    "temps": "10:34:12",
    "ecart": "+21'45",
    "joueur": ""
  },
  {
    "position": 14,
    "equipe": "Belgisch Bier",
    "temps": "10:46:39",
    "ecart": "+34'12",
    "joueur": ""
  },
  {
    "position": 15,
    "equipe": "Doping",
    "temps": "10:46:39",
    "ecart": " - ",
    "joueur": ""
  },
  {
    "position": 16,
    "equipe": "Team Burrata",
    "temps": "10:46:39",
    "ecart": " - ",
    "joueur": ""
  },
  {
    "position": 17,
    "equipe": "Frisquet",
    "temps": "10:47:38",
    "ecart": "+35'11",
    "joueur": ""
  },
  {
    "position": 18,
    "equipe": "Suceurs 2 Roues",
    "temps": "10:52:13",
    "ecart": "+39'46",
    "joueur": ""
  },
  {
    "position": 19,
    "equipe": "Team Alençon",
    "temps": "10:52:46",
    "ecart": "+40'19",
    "joueur": ""
  },
  {
    "position": 20,
    "equipe": "Rap Street Boys",
    "temps": "10:54:38",
    "ecart": "+42'11",
    "joueur": ""
  },
  {
    "position": 21,
    "equipe": "20 Rouge",
    "temps": "10:54:52",
    "ecart": "+42'25",
    "joueur": ""
  },
  {
    "position": 22,
    "equipe": "Nederlands Bier",
    "temps": "11:04:27",
    "ecart": "+52'00",
    "joueur": ""
  },
  {
    "position": 23,
    "equipe": "Over Dose Racing",
    "temps": "11:04:27",
    "ecart": " - ",
    "joueur": ""
  },
  {
    "position": 24,
    "equipe": "Weed",
    "temps": "11:05:00",
    "ecart": "+52'33",
    "joueur": ""
  }
]