[
  {
    "position": 1,
    "nom": "Uwe Pilsner",
    "equipe": "Bier Brigade",
    "points": 20,
    "joueur": "Bismuth",
    "ecart": ""
  },
  {
    "position": 2,
    "nom": "Bruno Krombacher",
    "equipe": "Bier Brigade",
    "points": 17,
    "joueur": "Bismuth",
    "ecart": "-3"
  },
  {
    "position": 3,
    "nom": "Miguel Indurain",
    "equipe": "Big Farma",
    "points": 15,
    "joueur": "mcohara",
    "ecart": "-5"
  },
  {
    "position": 4,
    "nom": "Max Weizen",
    "equipe": "Bier Brigade",
    "points": 13,
    "joueur": "Bismuth",
    "ecart": "-7"
  },
  {
    "position": 5,
    "nom": "Otta Kringer",
    "equipe": "Österreichisches Bier",
    "points": 11,
    "joueur": "",
    "ecart": "-9"
  },
  {
    "position": 6,
    "nom": "Hans Hopfen",
    "equipe": "Bier Brigade",
    "points": 10,
    "joueur": "Bismuth",
    "ecart": "-10"
  },
  {
    "position": 7,
    "nom": "Michael Rasmussen",
    "equipe": "Big Farma",
    "points": 9,
    "joueur": "mcohara",
    "ecart": "-11"
  },
  {
    "position": 8,
    "nom": "Zip Fer",
    "equipe": "Österreichisches Bier",
    "points": 8,
    "joueur": "",
    "ecart": "-12"
  },
  {
    "position": 9,
    "nom": "Bob Lacroute",
    "equipe": "Good Cheese",
    "points": 7,
    "joueur": "",
    "ecart": "-13"
  },
  {
    "position": 10,
    "nom": "Ra Chelle",
    "equipe": "UCPSPA",
    "points": 6,
    "joueur": "",
    "ecart": "-14"
  },
  {
    "position": 11,
    "nom": "Snoop Dog",
    "equipe": "Weed",
    "points": 5,
    "joueur": "",
    "ecart": "-15"
  },
  {
    "position": 12,
    "nom": "Brie de Meaux",
    "equipe": "Team Claquos",
    "points": 4,
    "joueur": "",
    "ecart": "-16"
  },
  {
    "position": 13,
    "nom": "Bob Marley",
    "equipe": "Weed",
    "points": 3,
    "joueur": "",
    "ecart": "-17"
  },
  {
    "position": 14,
    "nom": "K Kamaro",
    "equipe": "RnB de Rue",
    "points": 2,
    "joueur": "Tefouine",
    "ecart": "-18"
  },
  {
    "position": 15,
    "nom": "Dieter Bitburger",
    "equipe": "Bier Brigade",
    "points": 1,
    "joueur": "Bismuth",
    "ecart": "-19"
  }
]