[
  {
    "position": 1,
    "nom": "Matt Pokora",
    "equipe": "RnB de Rue",
    "points": 20,
    "joueur": "Tefouine",
    "ecart": ""
  },
  {
    "position": 2,
    "nom": "Uwe Pilsner",
    "equipe": "Bier Brigade",
    "points": 20,
    "joueur": "Bismuth",
    "ecart": "0"
  },
  {
    "position": 3,
    "nom": "Matt Houston",
    "equipe": "RnB de Rue",
    "points": 17,
    "joueur": "Tefouine",
    "ecart": "-3"
  },
  {
    "position": 4,
    "nom": "Samy Naceri",
    "equipe": "Over Dose Racing",
    "points": 17,
    "joueur": "",
    "ecart": "-3"
  },
  {
    "position": 5,
    "nom": "Cam Ambert",
    "equipe": "Team Claquos",
    "points": 15,
    "joueur": "",
    "ecart": "-5"
  },
  {
    "position": 6,
    "nom": "Fri Son",
    "equipe": "Team Gouda",
    "points": 15,
    "joueur": "",
    "ecart": "-5"
  },
  {
    "position": 7,
    "nom": "Otto Krug",
    "equipe": "Bier Brigade",
    "points": 13,
    "joueur": "Bismuth",
    "ecart": "-7"
  },
  {
    "position": 8,
    "nom": "Mi Loud",
    "equipe": "UCPSPA",
    "points": 13,
    "joueur": "",
    "ecart": "-7"
  },
  {
    "position": 9,
    "nom": "Justin Bieber",
    "equipe": "RnB de Rue",
    "points": 11,
    "joueur": "Tefouine",
    "ecart": "-9"
  },
  {
    "position": 10,
    "nom": "Al Kpote",
    "equipe": "Gangster and Gentleman",
    "points": 11,
    "joueur": "",
    "ecart": "-9"
  },
  {
    "position": 11,
    "nom": "Karl Beck",
    "equipe": "Bier Brigade",
    "points": 10,
    "joueur": "Bismuth",
    "ecart": "-10"
  },
  {
    "position": 12,
    "nom": "Dra Ke",
    "equipe": "Weed",
    "points": 10,
    "joueur": "",
    "ecart": "-10"
  },
  {
    "position": 13,
    "nom": "Dario Frigo",
    "equipe": "Saunier Duval",
    "points": 9,
    "joueur": "",
    "ecart": "-11"
  },
  {
    "position": 14,
    "nom": "Marco Pantani",
    "equipe": "Big Farma",
    "points": 9,
    "joueur": "mcohara",
    "ecart": "-11"
  },
  {
    "position": 15,
    "nom": "Riccardo Ricco",
    "equipe": "Saunier Duval",
    "points": 8,
    "joueur": "",
    "ecart": "-12"
  },
  {
    "position": 16,
    "nom": "Peco Rino",
    "equipe": "Team Burrata",
    "points": 8,
    "joueur": "",
    "ecart": "-12"
  },
  {
    "position": 17,
    "nom": "Thomas Voeckler",
    "equipe": "Froooonce",
    "points": 7,
    "joueur": "RicH33",
    "ecart": "-13"
  },
  {
    "position": 18,
    "nom": "B Passi",
    "equipe": "RnB de Rue",
    "points": 7,
    "joueur": "Tefouine",
    "ecart": "-13"
  },
  {
    "position": 19,
    "nom": "Lance Armstrong",
    "equipe": "Big Farma",
    "points": 6,
    "joueur": "mcohara",
    "ecart": "-14"
  },
  {
    "position": 20,
    "nom": "Laurent Jalabert",
    "equipe": "Froooonce",
    "points": 6,
    "joueur": "RicH33",
    "ecart": "-14"
  },
  {
    "position": 21,
    "nom": "Grinne Dgeu",
    "equipe": "Rap Street Boys",
    "points": 5,
    "joueur": "",
    "ecart": "-15"
  },
  {
    "position": 22,
    "nom": "David Gaudu",
    "equipe": "Froooonce",
    "points": 5,
    "joueur": "RicH33",
    "ecart": "-15"
  },
  {
    "position": 23,
    "nom": "Willy Denzey",
    "equipe": "RnB de Rue",
    "points": 4,
    "joueur": "Tefouine",
    "ecart": "-16"
  },
  {
    "position": 24,
    "nom": "Joël Givré",
    "equipe": "Frisquet",
    "points": 4,
    "joueur": "",
    "ecart": "-16"
  },
  {
    "position": 25,
    "nom": "Joseba Beloki",
    "equipe": "Suceurs 2 Roues",
    "points": 3,
    "joueur": "",
    "ecart": "-17"
  },
  {
    "position": 26,
    "nom": "Piti Chou",
    "equipe": "Team Alençon",
    "points": 3,
    "joueur": "",
    "ecart": "-17"
  },
  {
    "position": 27,
    "nom": "Bruno Krombacher",
    "equipe": "Bier Brigade",
    "points": 2,
    "joueur": "Bismuth",
    "ecart": "-18"
  },
  {
    "position": 28,
    "nom": "Richard Virenque",
    "equipe": "Froooonce",
    "points": 2,
    "joueur": "RicH33",
    "ecart": "-18"
  },
  {
    "position": 29,
    "nom": "N'golo Comté",
    "equipe": "Good Cheese",
    "points": 1,
    "joueur": "",
    "ecart": "-19"
  },
  {
    "position": 30,
    "nom": "Raymond Poulidor",
    "equipe": "Froooonce",
    "points": 1,
    "joueur": "RicH33",
    "ecart": "-19"
  },
  {
    "position": 31,
    "nom": "Nippon Nimove",
    "equipe": "Daikin",
    "points": 0,
    "joueur": "",
    "ecart": "-20"
  },
  {
    "position": 32,
    "nom": "Geraint Tomasse",
    "equipe": "Suceurs 2 Roues",
    "points": 0,
    "joueur": "",
    "ecart": "-20"
  },
  {
    "position": 33,
    "nom": "Stra Chino",
    "equipe": "Team Burrata",
    "points": 0,
    "joueur": "",
    "ecart": "-20"
  },
  {
    "position": 34,
    "nom": "Tonton Graillou",
    "equipe": "Team Alençon",
    "points": 0,
    "joueur": "",
    "ecart": "-20"
  },
  {
    "position": 35,
    "nom": "Miguel Indurain",
    "equipe": "Big Farma",
    "points": 0,
    "joueur": "mcohara",
    "ecart": "-20"
  },
  {
    "position": 36,
    "nom": "Hans Hopfen",
    "equipe": "Bier Brigade",
    "points": 0,
    "joueur": "Bismuth",
    "ecart": "-20"
  },
  {
    "position": 37,
    "nom": "Lambrusco Prosecco",
    "equipe": "20 Rouge",
    "points": 0,
    "joueur": "",
    "ecart": "-20"
  },
  {
    "position": 38,
    "nom": "Ben Johnson",
    "equipe": "Doping",
    "points": 0,
    "joueur": "",
    "ecart": "-20"
  },
  {
    "position": 39,
    "nom": "Chikun Gunya",
    "equipe": "Team Alençon",
    "points": 0,
    "joueur": "",
    "ecart": "-20"
  },
  {
    "position": 40,
    "nom": "Max Weizen",
    "equipe": "Bier Brigade",
    "points": 0,
    "joueur": "Bismuth",
    "ecart": "-20"
  },
  {
    "position": 41,
    "nom": "Julian Alaphilippe",
    "equipe": "Froooonce",
    "points": 0,
    "joueur": "RicH33",
    "ecart": "-20"
  },
  {
    "position": 42,
    "nom": "Otta Kringer",
    "equipe": "Österreichisches Bier",
    "points": 0,
    "joueur": "",
    "ecart": "-20"
  },
  {
    "position": 43,
    "nom": "Bernard Hinault",
    "equipe": "Froooonce",
    "points": 0,
    "joueur": "RicH33",
    "ecart": "-20"
  },
  {
    "position": 44,
    "nom": "Michael Rasmussen",
    "equipe": "Big Farma",
    "points": 0,
    "joueur": "mcohara",
    "ecart": "-20"
  },
  {
    "position": 45,
    "nom": "Damiano Cunego",
    "equipe": "Saunier Duval",
    "points": 0,
    "joueur": "",
    "ecart": "-20"
  },
  {
    "position": 46,
    "nom": "Zip Fer",
    "equipe": "Österreichisches Bier",
    "points": 0,
    "joueur": "",
    "ecart": "-20"
  },
  {
    "position": 47,
    "nom": "Bob Lacroute",
    "equipe": "Good Cheese",
    "points": 0,
    "joueur": "",
    "ecart": "-20"
  },
  {
    "position": 48,
    "nom": "Doc Gyneco",
    "equipe": "RnB de Rue",
    "points": 0,
    "joueur": "Tefouine",
    "ecart": "-20"
  },
  {
    "position": 49,
    "nom": "Ra Chelle",
    "equipe": "UCPSPA",
    "points": 0,
    "joueur": "",
    "ecart": "-20"
  },
  {
    "position": 50,
    "nom": "Ughes Goboss",
    "equipe": "Gangster and Gentleman",
    "points": 0,
    "joueur": "",
    "ecart": "-20"
  },
  {
    "position": 51,
    "nom": "Snoop Dog",
    "equipe": "Weed",
    "points": 0,
    "joueur": "",
    "ecart": "-20"
  },
  {
    "position": 52,
    "nom": "Alessandro Petacchi",
    "equipe": "Saunier Duval",
    "points": 0,
    "joueur": "",
    "ecart": "-20"
  },
  {
    "position": 53,
    "nom": "Erik Zabel",
    "equipe": "Big Farma",
    "points": 0,
    "joueur": "mcohara",
    "ecart": "-20"
  },
  {
    "position": 54,
    "nom": "Thibaut Pinot",
    "equipe": "Froooonce",
    "points": 0,
    "joueur": "RicH33",
    "ecart": "-20"
  },
  {
    "position": 55,
    "nom": "Brie de Meaux",
    "equipe": "Team Claquos",
    "points": 0,
    "joueur": "",
    "ecart": "-20"
  },
  {
    "position": 56,
    "nom": "Djou Houle",
    "equipe": "Rap Street Boys",
    "points": 0,
    "joueur": "",
    "ecart": "-20"
  },
  {
    "position": 57,
    "nom": "Duncan Coillotte",
    "equipe": "Good Cheese",
    "points": 0,
    "joueur": "",
    "ecart": "-20"
  },
  {
    "position": 58,
    "nom": "Tom Desbauges",
    "equipe": "Good Cheese",
    "points": 0,
    "joueur": "",
    "ecart": "-20"
  },
  {
    "position": 59,
    "nom": "Guivarch Kiri",
    "equipe": "Good Cheese",
    "points": 0,
    "joueur": "",
    "ecart": "-20"
  },
  {
    "position": 60,
    "nom": "Göss Her",
    "equipe": "Österreichisches Bier",
    "points": 0,
    "joueur": "",
    "ecart": "-20"
  },
  {
    "position": 61,
    "nom": "Bob Marley",
    "equipe": "Weed",
    "points": 0,
    "joueur": "",
    "ecart": "-20"
  },
  {
    "position": 62,
    "nom": "K Kamaro",
    "equipe": "RnB de Rue",
    "points": 0,
    "joueur": "Tefouine",
    "ecart": "-20"
  },
  {
    "position": 63,
    "nom": "Leo Pompasse",
    "equipe": "UCPSPA",
    "points": 0,
    "joueur": "",
    "ecart": "-20"
  },
  {
    "position": 64,
    "nom": "Alessandro Ballan",
    "equipe": "Saunier Duval",
    "points": 0,
    "joueur": "",
    "ecart": "-20"
  },
  {
    "position": 65,
    "nom": "Dieter Bitburger",
    "equipe": "Bier Brigade",
    "points": 0,
    "joueur": "Bismuth",
    "ecart": "-20"
  }
]