[
  {
    "position": 1,
    "nom": "Marco Pantani",
    "equipe": "Big Farma",
    "montagne": 28,
    "joueur": "mcohara",
    "ecart": ""
  },
  {
    "position": 2,
    "nom": "David Gaudu",
    "equipe": "Froooonce",
    "montagne": 20,
    "joueur": "RicH33",
    "ecart": "-8"
  },
  {
    "position": 3,
    "nom": "Uwe Pilsner",
    "equipe": "Bier Brigade",
    "montagne": 15,
    "joueur": "Bismuth",
    "ecart": "-13"
  },
  {
    "position": 4,
    "nom": "Thibaut Pinot",
    "equipe": "Froooonce",
    "montagne": 12,
    "joueur": "RicH33",
    "ecart": "-16"
  },
  {
    "position": 5,
    "nom": "Duncan Coillotte",
    "equipe": "Good Cheese",
    "montagne": 8,
    "joueur": "",
    "ecart": "-20"
  },
  {
    "position": 6,
    "nom": "Karl Beck",
    "equipe": "Bier Brigade",
    "montagne": 6,
    "joueur": "Bismuth",
    "ecart": "-22"
  },
  {
    "position": 7,
    "nom": "Fritz Fass",
    "equipe": "Bier Brigade",
    "montagne": 6,
    "joueur": "Bismuth",
    "ecart": "-22"
  },
  {
    "position": 8,
    "nom": "Matt Houston",
    "equipe": "RnB de Rue",
    "montagne": 5,
    "joueur": "Tefouine",
    "ecart": "-23"
  },
  {
    "position": 9,
    "nom": "Richard Virenque",
    "equipe": "Froooonce",
    "montagne": 4,
    "joueur": "RicH33",
    "ecart": "-24"
  },
  {
    "position": 10,
    "nom": "G Calo",
    "equipe": "RnB de Rue",
    "montagne": 3,
    "joueur": "Tefouine",
    "ecart": "-25"
  },
  {
    "position": 11,
    "nom": "Grinne Dgeu",
    "equipe": "Rap Street Boys",
    "montagne": 2,
    "joueur": "",
    "ecart": "-26"
  },
  {
    "position": 12,
    "nom": "Mi Loud",
    "equipe": "UCPSPA",
    "montagne": 1,
    "joueur": "",
    "ecart": "-27"
  },
  {
    "position": 13,
    "nom": "Pierre Palmade",
    "equipe": "Over Dose Racing",
    "montagne": 1,
    "joueur": "",
    "ecart": "-27"
  },
  {
    "position": 14,
    "nom": "Willy Denzey",
    "equipe": "RnB de Rue",
    "montagne": 0,
    "joueur": "Tefouine",
    "ecart": "-28"
  },
  {
    "position": 15,
    "nom": "Geraint Tomasse",
    "equipe": "Suceurs 2 Roues",
    "montagne": 0,
    "joueur": "",
    "ecart": "-28"
  },
  {
    "position": 16,
    "nom": "Luc Tenfré",
    "equipe": "Frisquet",
    "montagne": 0,
    "joueur": "",
    "ecart": "-28"
  },
  {
    "position": 17,
    "nom": "Justin Bieber",
    "equipe": "RnB de Rue",
    "montagne": 0,
    "joueur": "Tefouine",
    "ecart": "-28"
  },
  {
    "position": 18,
    "nom": "Riccardo Ricco",
    "equipe": "Saunier Duval",
    "montagne": 0,
    "joueur": "",
    "ecart": "-28"
  },
  {
    "position": 19,
    "nom": "Dario Frigo",
    "equipe": "Saunier Duval",
    "montagne": 0,
    "joueur": "",
    "ecart": "-28"
  },
  {
    "position": 20,
    "nom": "Joseba Beloki",
    "equipe": "Suceurs 2 Roues",
    "montagne": 0,
    "joueur": "",
    "ecart": "-28"
  },
  {
    "position": 21,
    "nom": "Tonton Graillou",
    "equipe": "Team Alençon",
    "montagne": 0,
    "joueur": "",
    "ecart": "-28"
  },
  {
    "position": 22,
    "nom": "Thierry Ardisson",
    "equipe": "Over Dose Racing",
    "montagne": 0,
    "joueur": "",
    "ecart": "-28"
  }
]