[
  {
    "position": 1,
    "nom": "David Gaudu",
    "equipe": "Froooonce",
    "montagne": 0,
    "joueur": "RicH33",
    "ecart": ""
  },
  {
    "position": 2,
    "nom": "Willy Denzey",
    "equipe": "RnB de Rue",
    "montagne": 0,
    "joueur": "Tefouine",
    "ecart": "0"
  },
  {
    "position": 3,
    "nom": "Geraint Tomasse",
    "equipe": "Suceurs 2 Roues",
    "montagne": 0,
    "joueur": "",
    "ecart": "0"
  },
  {
    "position": 4,
    "nom": "Luc Tenfré",
    "equipe": "Frisquet",
    "montagne": 0,
    "joueur": "",
    "ecart": "0"
  },
  {
    "position": 5,
    "nom": "Justin Bieber",
    "equipe": "RnB de Rue",
    "montagne": 0,
    "joueur": "Tefouine",
    "ecart": "0"
  },
  {
    "position": 6,
    "nom": "Matt Houston",
    "equipe": "RnB de Rue",
    "montagne": 0,
    "joueur": "Tefouine",
    "ecart": "0"
  },
  {
    "position": 7,
    "nom": "Thibaut Pinot",
    "equipe": "Froooonce",
    "montagne": 0,
    "joueur": "RicH33",
    "ecart": "0"
  },
  {
    "position": 8,
    "nom": "Uwe Pilsner",
    "equipe": "Bier Brigade",
    "montagne": 0,
    "joueur": "Bismuth",
    "ecart": "0"
  },
  {
    "position": 9,
    "nom": "Riccardo Ricco",
    "equipe": "Saunier Duval",
    "montagne": 0,
    "joueur": "",
    "ecart": "0"
  },
  {
    "position": 10,
    "nom": "Dario Frigo",
    "equipe": "Saunier Duval",
    "montagne": 0,
    "joueur": "",
    "ecart": "0"
  },
  {
    "position": 11,
    "nom": "Joseba Beloki",
    "equipe": "Suceurs 2 Roues",
    "montagne": 0,
    "joueur": "",
    "ecart": "0"
  },
  {
    "position": 12,
    "nom": "Tonton Graillou",
    "equipe": "Team Alençon",
    "montagne": 0,
    "joueur": "",
    "ecart": "0"
  },
  {
    "position": 13,
    "nom": "Thierry Ardisson",
    "equipe": "Over Dose Racing",
    "montagne": 0,
    "joueur": "",
    "ecart": "0"
  }
]