[
  {
    "position": 1,
    "nom": "Marco Pantani",
    "equipe": "Big Farma",
    "points": 31,
    "joueur": "mcohara",
    "ecart": ""
  },
  {
    "position": 2,
    "nom": "David Gaudu",
    "equipe": "Froooonce",
    "points": 23,
    "joueur": "RicH33",
    "ecart": "-8"
  },
  {
    "position": 3,
    "nom": "Karl Beck",
    "equipe": "Bier Brigade",
    "points": 20,
    "joueur": "Bismuth",
    "ecart": "-11"
  },
  {
    "position": 4,
    "nom": "Fritz Fass",
    "equipe": "Bier Brigade",
    "points": 18,
    "joueur": "Bismuth",
    "ecart": "-13"
  },
  {
    "position": 5,
    "nom": "Richard Virenque",
    "equipe": "Froooonce",
    "points": 17,
    "joueur": "RicH33",
    "ecart": "-14"
  },
  {
    "position": 6,
    "nom": "Thomas Voeckler",
    "equipe": "Froooonce",
    "points": 15,
    "joueur": "RicH33",
    "ecart": "-16"
  },
  {
    "position": 7,
    "nom": "Thibaut Pinot",
    "equipe": "Froooonce",
    "points": 15,
    "joueur": "RicH33",
    "ecart": "-16"
  },
  {
    "position": 8,
    "nom": "G Calo",
    "equipe": "RnB de Rue",
    "points": 13,
    "joueur": "Tefouine",
    "ecart": "-18"
  },
  {
    "position": 9,
    "nom": "Marion Jones",
    "equipe": "Doping",
    "points": 13,
    "joueur": "",
    "ecart": "-18"
  },
  {
    "position": 10,
    "nom": "Uwe Pilsner",
    "equipe": "Bier Brigade",
    "points": 11,
    "joueur": "Bismuth",
    "ecart": "-20"
  },
  {
    "position": 11,
    "nom": "Grinne Dgeu",
    "equipe": "Rap Street Boys",
    "points": 10,
    "joueur": "",
    "ecart": "-21"
  },
  {
    "position": 12,
    "nom": "Duncan Coillotte",
    "equipe": "Good Cheese",
    "points": 10,
    "joueur": "",
    "ecart": "-21"
  },
  {
    "position": 13,
    "nom": "N'golo Comté",
    "equipe": "Good Cheese",
    "points": 8,
    "joueur": "",
    "ecart": "-23"
  },
  {
    "position": 14,
    "nom": "Pierre Palmade",
    "equipe": "Over Dose Racing",
    "points": 8,
    "joueur": "",
    "ecart": "-23"
  },
  {
    "position": 15,
    "nom": "Mi Loud",
    "equipe": "UCPSPA",
    "points": 7,
    "joueur": "",
    "ecart": "-24"
  },
  {
    "position": 16,
    "nom": "Van Sifer",
    "equipe": "Viesmann",
    "points": 7,
    "joueur": "",
    "ecart": "-24"
  },
  {
    "position": 17,
    "nom": "Stra Chino",
    "equipe": "Team Burrata",
    "points": 6,
    "joueur": "",
    "ecart": "-25"
  },
  {
    "position": 18,
    "nom": "Matt Houston",
    "equipe": "RnB de Rue",
    "points": 5,
    "joueur": "Tefouine",
    "ecart": "-26"
  },
  {
    "position": 19,
    "nom": "Kar Rate",
    "equipe": "Daikin",
    "points": 5,
    "joueur": "",
    "ecart": "-26"
  },
  {
    "position": 20,
    "nom": "Otto Krug",
    "equipe": "Bier Brigade",
    "points": 4,
    "joueur": "Bismuth",
    "ecart": "-27"
  },
  {
    "position": 21,
    "nom": "Luc Tenfré",
    "equipe": "Frisquet",
    "points": 4,
    "joueur": "",
    "ecart": "-27"
  },
  {
    "position": 22,
    "nom": "Robert de la Bergerie",
    "equipe": "UCPSPA",
    "points": 3,
    "joueur": "",
    "ecart": "-28"
  },
  {
    "position": 23,
    "nom": "Naruto Uzumaki",
    "equipe": "Daikin",
    "points": 3,
    "joueur": "",
    "ecart": "-28"
  },
  {
    "position": 24,
    "nom": "Lance Armstrong",
    "equipe": "Big Farma",
    "points": 2,
    "joueur": "mcohara",
    "ecart": "-29"
  },
  {
    "position": 25,
    "nom": "Am Stel",
    "equipe": "Nederlands Bier",
    "points": 2,
    "joueur": "",
    "ecart": "-29"
  },
  {
    "position": 26,
    "nom": "Floyd Landis",
    "equipe": "Big Farma",
    "points": 1,
    "joueur": "mcohara",
    "ecart": "-30"
  },
  {
    "position": 27,
    "nom": "Maitre Gims",
    "equipe": "Rap Street Boys",
    "points": 1,
    "joueur": "",
    "ecart": "-30"
  },
  {
    "position": 28,
    "nom": "Matt Pokora",
    "equipe": "RnB de Rue",
    "points": 0,
    "joueur": "Tefouine",
    "ecart": "-31"
  },
  {
    "position": 29,
    "nom": "Frédéric Beigbedder",
    "equipe": "Over Dose Racing",
    "points": 0,
    "joueur": "",
    "ecart": "-31"
  },
  {
    "position": 30,
    "nom": "Bruno Krombacher",
    "equipe": "Bier Brigade",
    "points": 0,
    "joueur": "Bismuth",
    "ecart": "-31"
  },
  {
    "position": 31,
    "nom": "Nippon Nimove",
    "equipe": "Daikin",
    "points": 0,
    "joueur": "",
    "ecart": "-31"
  },
  {
    "position": 32,
    "nom": "Dra Ke",
    "equipe": "Weed",
    "points": 0,
    "joueur": "",
    "ecart": "-31"
  },
  {
    "position": 33,
    "nom": "Hans Hopfen",
    "equipe": "Bier Brigade",
    "points": 0,
    "joueur": "Bismuth",
    "ecart": "-31"
  },
  {
    "position": 34,
    "nom": "Geraint Tomasse",
    "equipe": "Suceurs 2 Roues",
    "points": 0,
    "joueur": "",
    "ecart": "-31"
  },
  {
    "position": 35,
    "nom": "West Malle",
    "equipe": "Belgisch Bier",
    "points": 0,
    "joueur": "",
    "ecart": "-31"
  },
  {
    "position": 36,
    "nom": "Al Kpote",
    "equipe": "Gangster and Gentleman",
    "points": 0,
    "joueur": "",
    "ecart": "-31"
  },
  {
    "position": 37,
    "nom": "Tonton Graillou",
    "equipe": "Team Alençon",
    "points": 0,
    "joueur": "",
    "ecart": "-31"
  },
  {
    "position": 38,
    "nom": "Dario Frigo",
    "equipe": "Saunier Duval",
    "points": 0,
    "joueur": "",
    "ecart": "-31"
  },
  {
    "position": 39,
    "nom": "Justin Bieber",
    "equipe": "RnB de Rue",
    "points": 0,
    "joueur": "Tefouine",
    "ecart": "-31"
  },
  {
    "position": 40,
    "nom": "Miguel Indurain",
    "equipe": "Big Farma",
    "points": 0,
    "joueur": "mcohara",
    "ecart": "-31"
  },
  {
    "position": 41,
    "nom": "Alessandro Petacchi",
    "equipe": "Saunier Duval",
    "points": 0,
    "joueur": "",
    "ecart": "-31"
  },
  {
    "position": 42,
    "nom": "Göss Her",
    "equipe": "Österreichisches Bier",
    "points": 0,
    "joueur": "",
    "ecart": "-31"
  },
  {
    "position": 43,
    "nom": "Leo Pompasse",
    "equipe": "UCPSPA",
    "points": 0,
    "joueur": "",
    "ecart": "-31"
  },
  {
    "position": 44,
    "nom": "Lambrusco Prosecco",
    "equipe": "20 Rouge",
    "points": 0,
    "joueur": "",
    "ecart": "-31"
  },
  {
    "position": 45,
    "nom": "Steven Kruijswijuijswijk",
    "equipe": "Suceurs 2 Roues",
    "points": 0,
    "joueur": "",
    "ecart": "-31"
  },
  {
    "position": 46,
    "nom": "Erik Zabel",
    "equipe": "Big Farma",
    "points": 0,
    "joueur": "mcohara",
    "ecart": "-31"
  },
  {
    "position": 47,
    "nom": "Samy Naceri",
    "equipe": "Over Dose Racing",
    "points": 0,
    "joueur": "",
    "ecart": "-31"
  },
  {
    "position": 48,
    "nom": "Ben Johnson",
    "equipe": "Doping",
    "points": 0,
    "joueur": "",
    "ecart": "-31"
  },
  {
    "position": 49,
    "nom": "Cam Ambert",
    "equipe": "Team Claquos",
    "points": 0,
    "joueur": "",
    "ecart": "-31"
  },
  {
    "position": 50,
    "nom": "Laurent Jalabert",
    "equipe": "Froooonce",
    "points": 0,
    "joueur": "RicH33",
    "ecart": "-31"
  },
  {
    "position": 51,
    "nom": "Fri Son",
    "equipe": "Team Gouda",
    "points": 0,
    "joueur": "",
    "ecart": "-31"
  },
  {
    "position": 52,
    "nom": "B Passi",
    "equipe": "RnB de Rue",
    "points": 0,
    "joueur": "Tefouine",
    "ecart": "-31"
  },
  {
    "position": 53,
    "nom": "Chikun Gunya",
    "equipe": "Team Alençon",
    "points": 0,
    "joueur": "",
    "ecart": "-31"
  },
  {
    "position": 54,
    "nom": "Julian Alaphilippe",
    "equipe": "Froooonce",
    "points": 0,
    "joueur": "RicH33",
    "ecart": "-31"
  },
  {
    "position": 55,
    "nom": "Max Weizen",
    "equipe": "Bier Brigade",
    "points": 0,
    "joueur": "Bismuth",
    "ecart": "-31"
  },
  {
    "position": 56,
    "nom": "Otta Kringer",
    "equipe": "Österreichisches Bier",
    "points": 0,
    "joueur": "",
    "ecart": "-31"
  },
  {
    "position": 57,
    "nom": "Bernard Hinault",
    "equipe": "Froooonce",
    "points": 0,
    "joueur": "RicH33",
    "ecart": "-31"
  },
  {
    "position": 58,
    "nom": "Dieter Bitburger",
    "equipe": "Bier Brigade",
    "points": 0,
    "joueur": "Bismuth",
    "ecart": "-31"
  },
  {
    "position": 59,
    "nom": "Michael Rasmussen",
    "equipe": "Big Farma",
    "points": 0,
    "joueur": "mcohara",
    "ecart": "-31"
  },
  {
    "position": 60,
    "nom": "Damiano Cunego",
    "equipe": "Saunier Duval",
    "points": 0,
    "joueur": "",
    "ecart": "-31"
  },
  {
    "position": 61,
    "nom": "Ma Roilles",
    "equipe": "Team Claquos",
    "points": 0,
    "joueur": "",
    "ecart": "-31"
  },
  {
    "position": 62,
    "nom": "Riccardo Ricco",
    "equipe": "Saunier Duval",
    "points": 0,
    "joueur": "",
    "ecart": "-31"
  },
  {
    "position": 63,
    "nom": "Zip Fer",
    "equipe": "Österreichisches Bier",
    "points": 0,
    "joueur": "",
    "ecart": "-31"
  },
  {
    "position": 64,
    "nom": "Peco Rino",
    "equipe": "Team Burrata",
    "points": 0,
    "joueur": "",
    "ecart": "-31"
  },
  {
    "position": 65,
    "nom": "Bob Lacroute",
    "equipe": "Good Cheese",
    "points": 0,
    "joueur": "",
    "ecart": "-31"
  },
  {
    "position": 66,
    "nom": "Doc Gyneco",
    "equipe": "RnB de Rue",
    "points": 0,
    "joueur": "Tefouine",
    "ecart": "-31"
  },
  {
    "position": 67,
    "nom": "Raymond Poulidor",
    "equipe": "Froooonce",
    "points": 0,
    "joueur": "RicH33",
    "ecart": "-31"
  },
  {
    "position": 68,
    "nom": "Gey Zer",
    "equipe": "Viesmann",
    "points": 0,
    "joueur": "",
    "ecart": "-31"
  },
  {
    "position": 69,
    "nom": "Ra Chelle",
    "equipe": "UCPSPA",
    "points": 0,
    "joueur": "",
    "ecart": "-31"
  },
  {
    "position": 70,
    "nom": "Djou Houle",
    "equipe": "Rap Street Boys",
    "points": 0,
    "joueur": "",
    "ecart": "-31"
  },
  {
    "position": 71,
    "nom": "K Kamaro",
    "equipe": "RnB de Rue",
    "points": 0,
    "joueur": "Tefouine",
    "ecart": "-31"
  },
  {
    "position": 72,
    "nom": "Ughes Goboss",
    "equipe": "Gangster and Gentleman",
    "points": 0,
    "joueur": "",
    "ecart": "-31"
  },
  {
    "position": 73,
    "nom": "Snoop Dog",
    "equipe": "Weed",
    "points": 0,
    "joueur": "",
    "ecart": "-31"
  },
  {
    "position": 74,
    "nom": "Willy Denzey",
    "equipe": "RnB de Rue",
    "points": 0,
    "joueur": "Tefouine",
    "ecart": "-31"
  },
  {
    "position": 75,
    "nom": "Brie de Meaux",
    "equipe": "Team Claquos",
    "points": 0,
    "joueur": "",
    "ecart": "-31"
  },
  {
    "position": 76,
    "nom": "Linde Boom",
    "equipe": "Nederlands Bier",
    "points": 0,
    "joueur": "",
    "ecart": "-31"
  },
  {
    "position": 77,
    "nom": "Joël Givré",
    "equipe": "Frisquet",
    "points": 0,
    "joueur": "",
    "ecart": "-31"
  },
  {
    "position": 78,
    "nom": "Joseba Beloki",
    "equipe": "Suceurs 2 Roues",
    "points": 0,
    "joueur": "",
    "ecart": "-31"
  },
  {
    "position": 79,
    "nom": "Tom Desbauges",
    "equipe": "Good Cheese",
    "points": 0,
    "joueur": "",
    "ecart": "-31"
  },
  {
    "position": 80,
    "nom": "Bob Marley",
    "equipe": "Weed",
    "points": 0,
    "joueur": "",
    "ecart": "-31"
  },
  {
    "position": 81,
    "nom": "Guivarch Kiri",
    "equipe": "Good Cheese",
    "points": 0,
    "joueur": "",
    "ecart": "-31"
  },
  {
    "position": 82,
    "nom": "Piti Chou",
    "equipe": "Team Alençon",
    "points": 0,
    "joueur": "",
    "ecart": "-31"
  },
  {
    "position": 83,
    "nom": "Alessandro Ballan",
    "equipe": "Saunier Duval",
    "points": 0,
    "joueur": "",
    "ecart": "-31"
  }
]