[
  {
    "position": 1,
    "equipe": "Team Alençon",
    "temps": "07:19:37",
    "ecart": "Leader équipe",
    "joueur": ""
  },
  {
    "position": 2,
    "equipe": "Rap Street Boys",
    "temps": "07:21:45",
    "ecart": "+2'08",
    "joueur": ""
  },
  {
    "position": 3,
    "equipe": "Froooonce",
    "temps": "07:21:59",
    "ecart": "+2'22",
    "joueur": "RicH33"
  },
  {
    "position": 4,
    "equipe": "Suceurs 2 Roues",
    "temps": "07:21:59",
    "ecart": " - ",
    "joueur": ""
  },
  {
    "position": 5,
    "equipe": "RnB de Rue",
    "temps": "07:21:59",
    "ecart": " - ",
    "joueur": "Tefouine"
  },
  {
    "position": 6,
    "equipe": "Saunier Duval",
    "temps": "07:23:53",
    "ecart": "+4'16",
    "joueur": ""
  },
  {
    "position": 7,
    "equipe": "Good Cheese",
    "temps": "07:23:53",
    "ecart": " - ",
    "joueur": ""
  },
  {
    "position": 8,
    "equipe": "Österreichisches Bier",
    "temps": "07:24:07",
    "ecart": "+4'30",
    "joueur": ""
  },
  {
    "position": 9,
    "equipe": "UCPSPA",
    "temps": "07:24:07",
    "ecart": " - ",
    "joueur": ""
  },
  {
    "position": 10,
    "equipe": "Team Claquos",
    "temps": "07:24:07",
    "ecart": " - ",
    "joueur": ""
  },
  {
    "position": 11,
    "equipe": "Big Farma",
    "temps": "07:24:21",
    "ecart": "+4'44",
    "joueur": "mcohara"
  },
  {
    "position": 12,
    "equipe": "Bier Brigade",
    "temps": "07:24:21",
    "ecart": " - ",
    "joueur": "Bismuth"
  },
  {
    "position": 13,
    "equipe": "Nederlands Bier",
    "temps": "07:24:21",
    "ecart": " - ",
    "joueur": ""
  },
  {
    "position": 14,
    "equipe": "Viesmann",
    "temps": "07:24:21",
    "ecart": " - ",
    "joueur": ""
  },
  {
    "position": 15,
    "equipe": "Weed",
    "temps": "07:24:21",
    "ecart": " - ",
    "joueur": ""
  },
  {
    "position": 16,
    "equipe": "Frisquet",
    "temps": "07:24:21",
    "ecart": " - ",
    "joueur": ""
  },
  {
    "position": 17,
    "equipe": "Team Gouda",
    "temps": "07:24:21",
    "ecart": " - ",
    "joueur": ""
  },
  {
    "position": 18,
    "equipe": "Daikin",
    "temps": "07:25:15",
    "ecart": "+5'38",
    "joueur": ""
  },
  {
    "position": 19,
    "equipe": "20 Rouge",
    "temps": "07:25:15",
    "ecart": " - ",
    "joueur": ""
  },
  {
    "position": 20,
    "equipe": "Team Burrata",
    "temps": "07:25:15",
    "ecart": " - ",
    "joueur": ""
  },
  {
    "position": 21,
    "equipe": "Doping",
    "temps": "07:25:51",
    "ecart": "+6'14",
    "joueur": ""
  },
  {
    "position": 22,
    "equipe": "Over Dose Racing",
    "temps": "07:25:59",
    "ecart": "+6'22",
    "joueur": ""
  },
  {
    "position": 23,
    "equipe": "Gangster and Gentleman",
    "temps": "07:25:59",
    "ecart": " - ",
    "joueur": ""
  },
  {
    "position": 24,
    "equipe": "Belgisch Bier",
    "temps": "07:27:37",
    "ecart": "+8'00",
    "joueur": ""
  }
]