[
  {
    "position": 1,
    "equipe": "Big Farma",
    "temps": "12:46:07",
    "ecart": "Leader équipe",
    "joueur": "mcohara"
  },
  {
    "position": 2,
    "equipe": "Froooonce",
    "temps": "12:46:19",
    "ecart": "+0'12",
    "joueur": "RicH33"
  },
  {
    "position": 3,
    "equipe": "RnB de Rue",
    "temps": "12:47:22",
    "ecart": "+1'15",
    "joueur": "Tefouine"
  },
  {
    "position": 4,
    "equipe": "Bier Brigade",
    "temps": "12:48:36",
    "ecart": "+2'29",
    "joueur": "Bismuth"
  },
  {
    "position": 5,
    "equipe": "Good Cheese",
    "temps": "12:49:04",
    "ecart": "+2'57",
    "joueur": ""
  },
  {
    "position": 6,
    "equipe": "Saunier Duval",
    "temps": "12:52:23",
    "ecart": "+6'16",
    "joueur": ""
  },
  {
    "position": 7,
    "equipe": "Viesmann",
    "temps": "12:55:50",
    "ecart": "+9'43",
    "joueur": ""
  },
  {
    "position": 8,
    "equipe": "Frisquet",
    "temps": "13:00:36",
    "ecart": "+14'29",
    "joueur": ""
  },
  {
    "position": 9,
    "equipe": "Weed",
    "temps": "13:03:40",
    "ecart": "+17'33",
    "joueur": ""
  },
  {
    "position": 10,
    "equipe": "UCPSPA",
    "temps": "13:04:09",
    "ecart": "+18'02",
    "joueur": ""
  },
  {
    "position": 11,
    "equipe": "Team Claquos",
    "temps": "13:04:23",
    "ecart": "+18'16",
    "joueur": ""
  },
  {
    "position": 12,
    "equipe": "Gangster and Gentleman",
    "temps": "13:06:25",
    "ecart": "+20'18",
    "joueur": ""
  },
  {
    "position": 13,
    "equipe": "Team Gouda",
    "temps": "13:07:09",
    "ecart": "+21'02",
    "joueur": ""
  },
  {
    "position": 14,
    "equipe": "Österreichisches Bier",
    "temps": "13:39:54",
    "ecart": "+53'47",
    "joueur": ""
  },
  {
    "position": 15,
    "equipe": "Daikin",
    "temps": "13:44:38",
    "ecart": "+58'31",
    "joueur": ""
  },
  {
    "position": 16,
    "equipe": "Rap Street Boys",
    "temps": "13:56:06",
    "ecart": "+69'59",
    "joueur": ""
  },
  {
    "position": 17,
    "equipe": "Over Dose Racing",
    "temps": "13:59:34",
    "ecart": "+73'27",
    "joueur": ""
  },
  {
    "position": 18,
    "equipe": "Team Burrata",
    "temps": "14:13:39",
    "ecart": "+87'32",
    "joueur": ""
  },
  {
    "position": 19,
    "equipe": "Doping",
    "temps": "14:21:11",
    "ecart": "+95'04",
    "joueur": ""
  },
  {
    "position": 20,
    "equipe": "Suceurs 2 Roues",
    "temps": "14:21:28",
    "ecart": "+95'21",
    "joueur": ""
  },
  {
    "position": 21,
    "equipe": "20 Rouge",
    "temps": "14:29:18",
    "ecart": "+103'11",
    "joueur": ""
  },
  {
    "position": 22,
    "equipe": "Nederlands Bier",
    "temps": "14:29:21",
    "ecart": "+103'14",
    "joueur": ""
  },
  {
    "position": 23,
    "equipe": "Team Alençon",
    "temps": "14:30:07",
    "ecart": "+104'00",
    "joueur": ""
  },
  {
    "position": 24,
    "equipe": "Belgisch Bier",
    "temps": "14:31:55",
    "ecart": "+105'48",
    "joueur": ""
  }
]