[
  {
    "position": 1,
    "nom": "Thibaut Pinot",
    "equipe": "Froooonce",
    "temps": "04:15:34",
    "ecart": "Meilleur jeune de l'étape",
    "joueur": "RicH33"
  },
  {
    "position": 2,
    "nom": "Duncan Coillotte",
    "equipe": "Good Cheese",
    "temps": "04:15:34",
    "ecart": "0'00"
  },
  {
    "position": 3,
    "nom": "Floyd Landis",
    "equipe": "Big Farma",
    "temps": "04:16:10",
    "ecart": "+0'36",
    "joueur": "mcohara"
  },
  {
    "position": 4,
    "nom": "Justin Bieber",
    "equipe": "RnB de Rue",
    "temps": "04:16:14",
    "ecart": "+0'40",
    "joueur": "Tefouine"
  },
  {
    "position": 5,
    "nom": "Danilo Di Luca",
    "equipe": "Saunier Duval",
    "temps": "04:17:23",
    "ecart": "+1'49"
  },
  {
    "position": 6,
    "nom": "Karl Beck",
    "equipe": "Bier Brigade",
    "temps": "04:17:28",
    "ecart": "+1'54",
    "joueur": "Bismuth"
  },
  {
    "position": 7,
    "nom": "Dario Frigo",
    "equipe": "Saunier Duval",
    "temps": "04:17:32",
    "ecart": "+1'58"
  },
  {
    "position": 8,
    "nom": "Dieter Bitburger",
    "equipe": "Bier Brigade",
    "temps": "04:17:32",
    "ecart": "+1'58",
    "joueur": "Bismuth"
  },
  {
    "position": 9,
    "nom": "Willy Denzey",
    "equipe": "RnB de Rue",
    "temps": "04:17:32",
    "ecart": "+1'58",
    "joueur": "Tefouine"
  },
  {
    "position": 10,
    "nom": "Julian Alaphilippe",
    "equipe": "Froooonce",
    "temps": "04:17:32",
    "ecart": "+1'58",
    "joueur": "RicH33"
  },
  {
    "position": 11,
    "nom": "Maas Dam",
    "equipe": "Team Gouda",
    "temps": "04:17:50",
    "ecart": "+2'16"
  },
  {
    "position": 12,
    "nom": "Mangetes Morbier",
    "equipe": "Good Cheese",
    "temps": "04:18:03",
    "ecart": "+2'29"
  },
  {
    "position": 13,
    "nom": "Kal Orifer",
    "equipe": "Viesmann",
    "temps": "04:19:09",
    "ecart": "+3'35"
  },
  {
    "position": 14,
    "nom": "Boil Her",
    "equipe": "Viesmann",
    "temps": "04:19:09",
    "ecart": "+3'35"
  },
  {
    "position": 15,
    "nom": "Ferme Laporte",
    "equipe": "Frisquet",
    "temps": "04:21:02",
    "ecart": "+5'28"
  },
  {
    "position": 16,
    "nom": "Wiesel Burger",
    "equipe": "Österreichisches Bier",
    "temps": "04:21:07",
    "ecart": "+5'33"
  },
  {
    "position": 17,
    "nom": "Ra Chelle",
    "equipe": "UCPSPA",
    "temps": "04:21:12",
    "ecart": "+5'38"
  },
  {
    "position": 18,
    "nom": "Ki Inimod",
    "equipe": "Gangster and Gentleman",
    "temps": "04:21:16",
    "ecart": "+5'42"
  },
  {
    "position": 19,
    "nom": "Roch Fort",
    "equipe": "Team Claquos",
    "temps": "04:21:23",
    "ecart": "+5'49"
  },
  {
    "position": 20,
    "nom": "Ay Dam",
    "equipe": "Team Gouda",
    "temps": "04:21:23",
    "ecart": "+5'49"
  },
  {
    "position": 21,
    "nom": "Miguel Indurain",
    "equipe": "Big Farma",
    "temps": "04:21:23",
    "ecart": "+5'49",
    "joueur": "mcohara"
  },
  {
    "position": 22,
    "nom": "Fourme Dambert",
    "equipe": "Team Claquos",
    "temps": "04:21:41",
    "ecart": "+6'07"
  },
  {
    "position": 23,
    "nom": "Bob Marley",
    "equipe": "Weed",
    "temps": "04:24:52",
    "ecart": "+9'18"
  },
  {
    "position": 24,
    "nom": "Pierre Palmade",
    "equipe": "Over Dose Racing",
    "temps": "04:27:18",
    "ecart": "+11'44"
  },
  {
    "position": 25,
    "nom": "Am Stel",
    "equipe": "Nederlands Bier",
    "temps": "04:27:23",
    "ecart": "+11'49"
  },
  {
    "position": 26,
    "nom": "Grinne Dgeu",
    "equipe": "Rap Street Boys",
    "temps": "04:27:23",
    "ecart": "+11'49"
  },
  {
    "position": 27,
    "nom": "Robert de la Bergerie",
    "equipe": "UCPSPA",
    "temps": "04:27:23",
    "ecart": "+11'49"
  },
  {
    "position": 28,
    "nom": "Maitre Gims",
    "equipe": "Rap Street Boys",
    "temps": "04:27:23",
    "ecart": "+11'49"
  },
  {
    "position": 29,
    "nom": "Kanye West",
    "equipe": "Weed",
    "temps": "04:40:03",
    "ecart": "+24'29"
  },
  {
    "position": 30,
    "nom": "Bradley Wiggins",
    "equipe": "Suceurs 2 Roues",
    "temps": "04:46:29",
    "ecart": "+30'55"
  },
  {
    "position": 31,
    "nom": "Geraint Tomasse",
    "equipe": "Suceurs 2 Roues",
    "temps": "04:46:29",
    "ecart": "+30'55"
  },
  {
    "position": 32,
    "nom": "Gorgone Zola",
    "equipe": "Team Burrata",
    "temps": "04:48:09",
    "ecart": "+32'35"
  },
  {
    "position": 33,
    "nom": "Lalande De Pomerol",
    "equipe": "20 Rouge",
    "temps": "04:49:28",
    "ecart": "+33'54"
  },
  {
    "position": 34,
    "nom": "Vianney Pangrazy",
    "equipe": "Team Alençon",
    "temps": "04:50:07",
    "ecart": "+34'33"
  },
  {
    "position": 35,
    "nom": "Tonton Graillou",
    "equipe": "Team Alençon",
    "temps": "04:50:07",
    "ecart": "+34'33"
  },
  {
    "position": 36,
    "nom": "Parmi Giano",
    "equipe": "Team Burrata",
    "temps": "04:51:35",
    "ecart": "+36'01"
  },
  {
    "position": 37,
    "nom": "Oudgard Den",
    "equipe": "Belgisch Bier",
    "temps": "04:51:35",
    "ecart": "+36'01"
  },
  {
    "position": 38,
    "nom": "Crozés Hermitage",
    "equipe": "20 Rouge",
    "temps": "04:52:51",
    "ecart": "+37'17"
  },
  {
    "position": 39,
    "nom": "Ughes Goboss",
    "equipe": "Gangster and Gentleman",
    "temps": "04:56:32",
    "ecart": "+40'58"
  },
  {
    "position": 40,
    "nom": "Trumer Pils",
    "equipe": "Österreichisches Bier",
    "temps": "04:57:31",
    "ecart": "+41'57"
  },
  {
    "position": 41,
    "nom": "Jan Hertog",
    "equipe": "Nederlands Bier",
    "temps": "05:00:56",
    "ecart": "+45'22"
  },
  {
    "position": 42,
    "nom": "Sashi Mi",
    "equipe": "Daikin",
    "temps": "05:01:20",
    "ecart": "+45'46"
  },
  {
    "position": 43,
    "nom": "Carl Lewis",
    "equipe": "Doping",
    "temps": "05:01:45",
    "ecart": "+46'11"
  },
  {
    "position": 44,
    "nom": "Bank Ize",
    "equipe": "Frisquet",
    "temps": "05:01:49",
    "ecart": "+46'15"
  },
  {
    "position": 45,
    "nom": "Stella Artois",
    "equipe": "Belgisch Bier",
    "temps": "05:02:00",
    "ecart": "+46'26"
  },
  {
    "position": 46,
    "nom": "Jean-Claude Van Damme",
    "equipe": "Over Dose Racing",
    "temps": "05:05:15",
    "ecart": "+49'41"
  },
  {
    "position": 47,
    "nom": "Ben Johnson",
    "equipe": "Doping",
    "temps": "05:05:58",
    "ecart": "+50'24"
  },
  {
    "position": 48,
    "nom": "Hiro Shima",
    "equipe": "Daikin",
    "temps": "05:12:15",
    "ecart": "+56'41"
  }
]