[
  {
    "position": 1,
    "nom": "Justin Bieber",
    "equipe": "RnB de Rue",
    "temps": "03:40:12",
    "ecart": "Meilleur jeune de l'étape",
    "joueur": "Tefouine"
  },
  {
    "position": 2,
    "nom": "Karl Beck",
    "equipe": "Bier Brigade",
    "temps": "03:40:12",
    "ecart": "0'00",
    "joueur": "Bismuth"
  },
  {
    "position": 3,
    "nom": "Dario Frigo",
    "equipe": "Saunier Duval",
    "temps": "03:40:12",
    "ecart": "0'00"
  },
  {
    "position": 4,
    "nom": "Willy Denzey",
    "equipe": "RnB de Rue",
    "temps": "03:41:00",
    "ecart": "+0'48",
    "joueur": "Tefouine"
  },
  {
    "position": 5,
    "nom": "Duncan Coillotte",
    "equipe": "Good Cheese",
    "temps": "03:43:09",
    "ecart": "+2'57"
  },
  {
    "position": 6,
    "nom": "Floyd Landis",
    "equipe": "Big Farma",
    "temps": "03:44:09",
    "ecart": "+3'57",
    "joueur": "mcohara"
  },
  {
    "position": 7,
    "nom": "Mangetes Morbier",
    "equipe": "Good Cheese",
    "temps": "03:45:53",
    "ecart": "+5'41"
  },
  {
    "position": 8,
    "nom": "Dieter Bitburger",
    "equipe": "Bier Brigade",
    "temps": "03:45:53",
    "ecart": "+5'41",
    "joueur": "Bismuth"
  },
  {
    "position": 9,
    "nom": "Roch Fort",
    "equipe": "Team Claquos",
    "temps": "03:45:53",
    "ecart": "+5'41"
  },
  {
    "position": 10,
    "nom": "Miguel Indurain",
    "equipe": "Big Farma",
    "temps": "03:45:53",
    "ecart": "+5'41",
    "joueur": "mcohara"
  },
  {
    "position": 11,
    "nom": "Danilo Di Luca",
    "equipe": "Saunier Duval",
    "temps": "03:45:53",
    "ecart": "+5'41"
  },
  {
    "position": 12,
    "nom": "Ay Dam",
    "equipe": "Team Gouda",
    "temps": "03:45:53",
    "ecart": "+5'41"
  },
  {
    "position": 13,
    "nom": "Ra Chelle",
    "equipe": "UCPSPA",
    "temps": "03:45:53",
    "ecart": "+5'41"
  },
  {
    "position": 14,
    "nom": "Kanye West",
    "equipe": "Weed",
    "temps": "03:45:53",
    "ecart": "+5'41"
  },
  {
    "position": 15,
    "nom": "Hiro Shima",
    "equipe": "Daikin",
    "temps": "03:45:53",
    "ecart": "+5'41"
  },
  {
    "position": 16,
    "nom": "Sashi Mi",
    "equipe": "Daikin",
    "temps": "03:45:53",
    "ecart": "+5'41"
  },
  {
    "position": 17,
    "nom": "Kal Orifer",
    "equipe": "Viesmann",
    "temps": "03:45:53",
    "ecart": "+5'41"
  },
  {
    "position": 18,
    "nom": "Boil Her",
    "equipe": "Viesmann",
    "temps": "03:45:53",
    "ecart": "+5'41"
  },
  {
    "position": 19,
    "nom": "Thibaut Pinot",
    "equipe": "Froooonce",
    "temps": "03:45:53",
    "ecart": "+5'41",
    "joueur": "RicH33"
  },
  {
    "position": 20,
    "nom": "Fourme Dambert",
    "equipe": "Team Claquos",
    "temps": "03:47:37",
    "ecart": "+7'25"
  },
  {
    "position": 21,
    "nom": "Julian Alaphilippe",
    "equipe": "Froooonce",
    "temps": "03:48:13",
    "ecart": "+8'01",
    "joueur": "RicH33"
  },
  {
    "position": 22,
    "nom": "Trumer Pils",
    "equipe": "Österreichisches Bier",
    "temps": "03:51:40",
    "ecart": "+11'28"
  },
  {
    "position": 23,
    "nom": "Robert de la Bergerie",
    "equipe": "UCPSPA",
    "temps": "03:51:40",
    "ecart": "+11'28"
  },
  {
    "position": 24,
    "nom": "Wiesel Burger",
    "equipe": "Österreichisches Bier",
    "temps": "03:51:40",
    "ecart": "+11'28"
  },
  {
    "position": 25,
    "nom": "Lalande De Pomerol",
    "equipe": "20 Rouge",
    "temps": "03:52:26",
    "ecart": "+12'14"
  },
  {
    "position": 26,
    "nom": "Pierre Palmade",
    "equipe": "Over Dose Racing",
    "temps": "03:52:26",
    "ecart": "+12'14"
  },
  {
    "position": 27,
    "nom": "Ben Johnson",
    "equipe": "Doping",
    "temps": "03:53:45",
    "ecart": "+13'33"
  },
  {
    "position": 28,
    "nom": "Geraint Tomasse",
    "equipe": "Suceurs 2 Roues",
    "temps": "03:53:45",
    "ecart": "+13'33"
  },
  {
    "position": 29,
    "nom": "Jan Hertog",
    "equipe": "Nederlands Bier",
    "temps": "03:55:45",
    "ecart": "+15'33"
  },
  {
    "position": 30,
    "nom": "Tonton Graillou",
    "equipe": "Team Alençon",
    "temps": "03:55:45",
    "ecart": "+15'33"
  },
  {
    "position": 31,
    "nom": "Maitre Gims",
    "equipe": "Rap Street Boys",
    "temps": "03:56:57",
    "ecart": "+16'45"
  },
  {
    "position": 32,
    "nom": "Bradley Wiggins",
    "equipe": "Suceurs 2 Roues",
    "temps": "03:56:57",
    "ecart": "+16'45"
  },
  {
    "position": 33,
    "nom": "Bob Marley",
    "equipe": "Weed",
    "temps": "03:56:57",
    "ecart": "+16'45"
  },
  {
    "position": 34,
    "nom": "Vianney Pangrazy",
    "equipe": "Team Alençon",
    "temps": "03:56:57",
    "ecart": "+16'45"
  },
  {
    "position": 35,
    "nom": "Grinne Dgeu",
    "equipe": "Rap Street Boys",
    "temps": "03:56:57",
    "ecart": "+16'45"
  },
  {
    "position": 36,
    "nom": "Stella Artois",
    "equipe": "Belgisch Bier",
    "temps": "03:58:24",
    "ecart": "+18'12"
  },
  {
    "position": 37,
    "nom": "Parmi Giano",
    "equipe": "Team Burrata",
    "temps": "04:02:26",
    "ecart": "+22'14"
  },
  {
    "position": 38,
    "nom": "Gorgone Zola",
    "equipe": "Team Burrata",
    "temps": "04:02:26",
    "ecart": "+22'14"
  },
  {
    "position": 39,
    "nom": "Maas Dam",
    "equipe": "Team Gouda",
    "temps": "04:02:26",
    "ecart": "+22'14"
  },
  {
    "position": 40,
    "nom": "Jean-Claude Van Damme",
    "equipe": "Over Dose Racing",
    "temps": "04:02:26",
    "ecart": "+22'14"
  },
  {
    "position": 41,
    "nom": "Bank Ize",
    "equipe": "Frisquet",
    "temps": "04:02:26",
    "ecart": "+22'14"
  },
  {
    "position": 42,
    "nom": "Ki Inimod",
    "equipe": "Gangster and Gentleman",
    "temps": "04:02:26",
    "ecart": "+22'14"
  },
  {
    "position": 43,
    "nom": "Ferme Laporte",
    "equipe": "Frisquet",
    "temps": "04:02:26",
    "ecart": "+22'14"
  },
  {
    "position": 44,
    "nom": "Crozés Hermitage",
    "equipe": "20 Rouge",
    "temps": "04:02:26",
    "ecart": "+22'14"
  },
  {
    "position": 45,
    "nom": "Ughes Goboss",
    "equipe": "Gangster and Gentleman",
    "temps": "04:03:50",
    "ecart": "+23'38"
  },
  {
    "position": 46,
    "nom": "Carl Lewis",
    "equipe": "Doping",
    "temps": "04:03:50",
    "ecart": "+23'38"
  },
  {
    "position": 47,
    "nom": "Am Stel",
    "equipe": "Nederlands Bier",
    "temps": "04:03:50",
    "ecart": "+23'38"
  },
  {
    "position": 48,
    "nom": "Oudgard Den",
    "equipe": "Belgisch Bier",
    "temps": "04:10:23",
    "ecart": "+30'11"
  }
]