[
  {
    "position": 1,
    "equipe": "RnB de Rue",
    "temps": "11:00:36",
    "ecart": "Leader équipe",
    "joueur": "Tefouine"
  },
  {
    "position": 2,
    "equipe": "Bier Brigade",
    "temps": "11:04:50",
    "ecart": "+4'14",
    "joueur": "Bismuth"
  },
  {
    "position": 3,
    "equipe": "Saunier Duval",
    "temps": "11:06:17",
    "ecart": "+5'41",
    "joueur": ""
  },
  {
    "position": 4,
    "equipe": "Froooonce",
    "temps": "11:09:29",
    "ecart": "+8'53",
    "joueur": "RicH33"
  },
  {
    "position": 5,
    "equipe": "Big Farma",
    "temps": "11:10:14",
    "ecart": "+9'38",
    "joueur": "mcohara"
  },
  {
    "position": 6,
    "equipe": "Good Cheese",
    "temps": "11:11:38",
    "ecart": "+11'02",
    "joueur": ""
  },
  {
    "position": 7,
    "equipe": "UCPSPA",
    "temps": "11:11:58",
    "ecart": "+11'22",
    "joueur": ""
  },
  {
    "position": 8,
    "equipe": "Team Claquos",
    "temps": "11:13:42",
    "ecart": "+13'06",
    "joueur": ""
  },
  {
    "position": 9,
    "equipe": "Viesmann",
    "temps": "11:17:39",
    "ecart": "+17'03",
    "joueur": ""
  },
  {
    "position": 10,
    "equipe": "Daikin",
    "temps": "11:17:39",
    "ecart": " - ",
    "joueur": ""
  },
  {
    "position": 11,
    "equipe": "Suceurs 2 Roues",
    "temps": "11:28:01",
    "ecart": "+27'25",
    "joueur": ""
  },
  {
    "position": 12,
    "equipe": "Österreichisches Bier",
    "temps": "11:29:13",
    "ecart": "+28'37",
    "joueur": ""
  },
  {
    "position": 13,
    "equipe": "Team Gouda",
    "temps": "11:30:10",
    "ecart": "+29'34",
    "joueur": ""
  },
  {
    "position": 14,
    "equipe": "Weed",
    "temps": "11:34:04",
    "ecart": "+33'28",
    "joueur": ""
  },
  {
    "position": 15,
    "equipe": "Rap Street Boys",
    "temps": "11:39:47",
    "ecart": "+39'11",
    "joueur": ""
  },
  {
    "position": 16,
    "equipe": "Frisquet",
    "temps": "11:43:08",
    "ecart": "+42'32",
    "joueur": ""
  },
  {
    "position": 17,
    "equipe": "20 Rouge",
    "temps": "11:44:06",
    "ecart": "+43'30",
    "joueur": ""
  },
  {
    "position": 18,
    "equipe": "Doping",
    "temps": "11:46:27",
    "ecart": "+45'51",
    "joueur": ""
  },
  {
    "position": 19,
    "equipe": "Team Alençon",
    "temps": "11:46:27",
    "ecart": " - ",
    "joueur": ""
  },
  {
    "position": 20,
    "equipe": "Nederlands Bier",
    "temps": "11:49:54",
    "ecart": "+49'18",
    "joueur": ""
  },
  {
    "position": 21,
    "equipe": "Belgisch Bier",
    "temps": "11:51:06",
    "ecart": "+50'30",
    "joueur": ""
  },
  {
    "position": 22,
    "equipe": "Over Dose Racing",
    "temps": "11:57:18",
    "ecart": "+56'42",
    "joueur": ""
  },
  {
    "position": 23,
    "equipe": "Team Burrata",
    "temps": "12:07:18",
    "ecart": "+66'42",
    "joueur": ""
  },
  {
    "position": 24,
    "equipe": "Gangster and Gentleman",
    "temps": "12:07:18",
    "ecart": " - ",
    "joueur": ""
  }
]