[
  {
    "position": 1,
    "nom": "Justin Bieber",
    "equipe": "RnB de Rue",
    "temps": "09:45:58",
    "ecart": "Leader jeune",
    "joueur": "Tefouine"
  },
  {
    "position": 2,
    "nom": "Dario Frigo",
    "equipe": "Saunier Duval",
    "temps": "09:46:57",
    "ecart": "+0'59"
  },
  {
    "position": 3,
    "nom": "Willy Denzey",
    "equipe": "RnB de Rue",
    "temps": "09:47:33",
    "ecart": "+1'35",
    "joueur": "Tefouine"
  },
  {
    "position": 4,
    "nom": "Karl Beck",
    "equipe": "Bier Brigade",
    "temps": "09:48:21",
    "ecart": "+2'23",
    "joueur": "Bismuth"
  },
  {
    "position": 5,
    "nom": "Duncan Coillotte",
    "equipe": "Good Cheese",
    "temps": "09:49:54",
    "ecart": "+3'56"
  },
  {
    "position": 6,
    "nom": "Miguel Indurain",
    "equipe": "Big Farma",
    "temps": "09:51:21",
    "ecart": "+5'23",
    "joueur": "mcohara"
  },
  {
    "position": 7,
    "nom": "Danilo Di Luca",
    "equipe": "Saunier Duval",
    "temps": "09:53:24",
    "ecart": "+7'26"
  },
  {
    "position": 8,
    "nom": "Dieter Bitburger",
    "equipe": "Bier Brigade",
    "temps": "09:53:55",
    "ecart": "+7'57",
    "joueur": "Bismuth"
  },
  {
    "position": 9,
    "nom": "Mangetes Morbier",
    "equipe": "Good Cheese",
    "temps": "09:54:11",
    "ecart": "+8'13"
  },
  {
    "position": 10,
    "nom": "Kal Orifer",
    "equipe": "Viesmann",
    "temps": "09:54:36",
    "ecart": "+8'38"
  },
  {
    "position": 11,
    "nom": "Boil Her",
    "equipe": "Viesmann",
    "temps": "09:54:56",
    "ecart": "+8'58"
  },
  {
    "position": 12,
    "nom": "Roch Fort",
    "equipe": "Team Claquos",
    "temps": "09:55:01",
    "ecart": "+9'03"
  },
  {
    "position": 13,
    "nom": "Fourme Dambert",
    "equipe": "Team Claquos",
    "temps": "09:55:20",
    "ecart": "+9'22"
  },
  {
    "position": 14,
    "nom": "Julian Alaphilippe",
    "equipe": "Froooonce",
    "temps": "09:57:07",
    "ecart": "+11'09",
    "joueur": "RicH33"
  },
  {
    "position": 15,
    "nom": "Thibaut Pinot",
    "equipe": "Froooonce",
    "temps": "09:57:12",
    "ecart": "+11'14",
    "joueur": "RicH33"
  },
  {
    "position": 16,
    "nom": "Floyd Landis",
    "equipe": "Big Farma",
    "temps": "09:57:26",
    "ecart": "+11'28",
    "joueur": "mcohara"
  },
  {
    "position": 17,
    "nom": "Ra Chelle",
    "equipe": "UCPSPA",
    "temps": "09:59:59",
    "ecart": "+14'01"
  },
  {
    "position": 18,
    "nom": "Robert de la Bergerie",
    "equipe": "UCPSPA",
    "temps": "10:02:46",
    "ecart": "+16'48"
  },
  {
    "position": 19,
    "nom": "Ay Dam",
    "equipe": "Team Gouda",
    "temps": "10:03:01",
    "ecart": "+17'03"
  },
  {
    "position": 20,
    "nom": "Wiesel Burger",
    "equipe": "Österreichisches Bier",
    "temps": "10:03:08",
    "ecart": "+17'10"
  },
  {
    "position": 21,
    "nom": "Kanye West",
    "equipe": "Weed",
    "temps": "10:11:18",
    "ecart": "+25'20"
  },
  {
    "position": 22,
    "nom": "Hiro Shima",
    "equipe": "Daikin",
    "temps": "10:12:15",
    "ecart": "+26'17"
  },
  {
    "position": 23,
    "nom": "Ughes Goboss",
    "equipe": "Gangster and Gentleman",
    "temps": "10:14:07",
    "ecart": "+28'09"
  },
  {
    "position": 24,
    "nom": "Sashi Mi",
    "equipe": "Daikin",
    "temps": "10:14:24",
    "ecart": "+28'26"
  },
  {
    "position": 25,
    "nom": "Ben Johnson",
    "equipe": "Doping",
    "temps": "10:16:10",
    "ecart": "+30'12"
  },
  {
    "position": 26,
    "nom": "Vianney Pangrazy",
    "equipe": "Team Alençon",
    "temps": "10:16:34",
    "ecart": "+30'36"
  },
  {
    "position": 27,
    "nom": "Trumer Pils",
    "equipe": "Österreichisches Bier",
    "temps": "10:16:50",
    "ecart": "+30'52"
  },
  {
    "position": 28,
    "nom": "Geraint Tomasse",
    "equipe": "Suceurs 2 Roues",
    "temps": "10:17:17",
    "ecart": "+31'19"
  },
  {
    "position": 29,
    "nom": "Tonton Graillou",
    "equipe": "Team Alençon",
    "temps": "10:17:31",
    "ecart": "+31'33"
  },
  {
    "position": 30,
    "nom": "Pierre Palmade",
    "equipe": "Over Dose Racing",
    "temps": "10:18:14",
    "ecart": "+32'16"
  },
  {
    "position": 31,
    "nom": "Grinne Dgeu",
    "equipe": "Rap Street Boys",
    "temps": "10:18:42",
    "ecart": "+32'44"
  },
  {
    "position": 32,
    "nom": "Stella Artois",
    "equipe": "Belgisch Bier",
    "temps": "10:19:26",
    "ecart": "+33'28"
  },
  {
    "position": 33,
    "nom": "Lalande De Pomerol",
    "equipe": "20 Rouge",
    "temps": "10:20:42",
    "ecart": "+34'44"
  },
  {
    "position": 34,
    "nom": "Bob Marley",
    "equipe": "Weed",
    "temps": "10:22:03",
    "ecart": "+36'05"
  },
  {
    "position": 35,
    "nom": "Jan Hertog",
    "equipe": "Nederlands Bier",
    "temps": "10:22:54",
    "ecart": "+36'56"
  },
  {
    "position": 36,
    "nom": "Maitre Gims",
    "equipe": "Rap Street Boys",
    "temps": "10:23:01",
    "ecart": "+37'03"
  },
  {
    "position": 37,
    "nom": "Crozés Hermitage",
    "equipe": "20 Rouge",
    "temps": "10:24:09",
    "ecart": "+38'11"
  },
  {
    "position": 38,
    "nom": "Bradley Wiggins",
    "equipe": "Suceurs 2 Roues",
    "temps": "10:26:12",
    "ecart": "+40'14"
  },
  {
    "position": 39,
    "nom": "Am Stel",
    "equipe": "Nederlands Bier",
    "temps": "10:27:29",
    "ecart": "+41'31"
  },
  {
    "position": 40,
    "nom": "Jean-Claude Van Damme",
    "equipe": "Over Dose Racing",
    "temps": "10:27:45",
    "ecart": "+41'47"
  },
  {
    "position": 41,
    "nom": "Parmi Giano",
    "equipe": "Team Burrata",
    "temps": "10:28:06",
    "ecart": "+42'08"
  },
  {
    "position": 42,
    "nom": "Gorgone Zola",
    "equipe": "Team Burrata",
    "temps": "10:28:25",
    "ecart": "+42'27"
  },
  {
    "position": 43,
    "nom": "Ferme Laporte",
    "equipe": "Frisquet",
    "temps": "10:28:33",
    "ecart": "+42'35"
  },
  {
    "position": 44,
    "nom": "Maas Dam",
    "equipe": "Team Gouda",
    "temps": "10:28:37",
    "ecart": "+42'39"
  },
  {
    "position": 45,
    "nom": "Bank Ize",
    "equipe": "Frisquet",
    "temps": "10:28:48",
    "ecart": "+42'50"
  },
  {
    "position": 46,
    "nom": "Carl Lewis",
    "equipe": "Doping",
    "temps": "10:29:14",
    "ecart": "+43'16"
  },
  {
    "position": 47,
    "nom": "Ki Inimod",
    "equipe": "Gangster and Gentleman",
    "temps": "10:32:34",
    "ecart": "+46'36"
  },
  {
    "position": 48,
    "nom": "Oudgard Den",
    "equipe": "Belgisch Bier",
    "temps": "10:35:47",
    "ecart": "+49'49"
  }
]