[
  {
    "position": 1,
    "equipe": "RnB de Rue",
    "temps": "49:34:06",
    "ecart": "Leader équipe",
    "joueur": "Tefouine"
  },
  {
    "position": 2,
    "equipe": "Bier Brigade",
    "temps": "49:40:55",
    "ecart": "+6'49",
    "joueur": "Bismuth"
  },
  {
    "position": 3,
    "equipe": "Froooonce",
    "temps": "49:43:18",
    "ecart": "+9'12",
    "joueur": "RicH33"
  },
  {
    "position": 4,
    "equipe": "Big Farma",
    "temps": "49:44:25",
    "ecart": "+10'19",
    "joueur": "mcohara"
  },
  {
    "position": 5,
    "equipe": "Saunier Duval",
    "temps": "49:48:41",
    "ecart": "+14'35",
    "joueur": ""
  },
  {
    "position": 6,
    "equipe": "Good Cheese",
    "temps": "49:52:26",
    "ecart": "+18'20",
    "joueur": ""
  },
  {
    "position": 7,
    "equipe": "Viesmann",
    "temps": "50:05:09",
    "ecart": "+31'03",
    "joueur": ""
  },
  {
    "position": 8,
    "equipe": "Team Claquos",
    "temps": "50:08:39",
    "ecart": "+34'33",
    "joueur": ""
  },
  {
    "position": 9,
    "equipe": "UCPSPA",
    "temps": "50:13:24",
    "ecart": "+39'18",
    "joueur": ""
  },
  {
    "position": 10,
    "equipe": "Team Gouda",
    "temps": "50:48:42",
    "ecart": "+1:14'36",
    "joueur": ""
  },
  {
    "position": 11,
    "equipe": "Frisquet",
    "temps": "51:16:19",
    "ecart": "+1:42'13",
    "joueur": ""
  },
  {
    "position": 12,
    "equipe": "Gangster and Gentleman",
    "temps": "51:16:52",
    "ecart": "+1:42'46",
    "joueur": ""
  },
  {
    "position": 13,
    "equipe": "Weed",
    "temps": "51:18:37",
    "ecart": "+1:44'31",
    "joueur": ""
  },
  {
    "position": 14,
    "equipe": "Daikin",
    "temps": "51:23:39",
    "ecart": "+1:49'33",
    "joueur": ""
  },
  {
    "position": 15,
    "equipe": "Österreichisches Bier",
    "temps": "51:24:18",
    "ecart": "+1:50'12",
    "joueur": ""
  },
  {
    "position": 16,
    "equipe": "Rap Street Boys",
    "temps": "52:12:11",
    "ecart": "+2:38'05",
    "joueur": ""
  },
  {
    "position": 17,
    "equipe": "Suceurs 2 Roues",
    "temps": "52:23:33",
    "ecart": "+2:49'27",
    "joueur": ""
  },
  {
    "position": 18,
    "equipe": "Doping",
    "temps": "52:43:44",
    "ecart": "+3:09'38",
    "joueur": ""
  },
  {
    "position": 19,
    "equipe": "Over Dose Racing",
    "temps": "52:46:49",
    "ecart": "+3:12'43",
    "joueur": ""
  },
  {
    "position": 20,
    "equipe": "Team Alençon",
    "temps": "52:52:36",
    "ecart": "+3:18'30",
    "joueur": ""
  },
  {
    "position": 21,
    "equipe": "Belgisch Bier",
    "temps": "52:55:51",
    "ecart": "+3:21'45",
    "joueur": ""
  },
  {
    "position": 22,
    "equipe": "Team Burrata",
    "temps": "52:57:01",
    "ecart": "+3:22'55",
    "joueur": ""
  },
  {
    "position": 23,
    "equipe": "20 Rouge",
    "temps": "52:57:43",
    "ecart": "+3:23'37",
    "joueur": ""
  },
  {
    "position": 24,
    "equipe": "Nederlands Bier",
    "temps": "53:00:25",
    "ecart": "+3:26'19",
    "joueur": ""
  }
]