[
  {
    "position": 1,
    "equipe": "RnB de Rue",
    "temps": "18:15:41",
    "ecart": "Leader équipe",
    "joueur": "Tefouine"
  },
  {
    "position": 2,
    "equipe": "Bier Brigade",
    "temps": "18:17:02",
    "ecart": "+1'21",
    "joueur": "Bismuth"
  },
  {
    "position": 3,
    "equipe": "Froooonce",
    "temps": "18:17:03",
    "ecart": "+1'22",
    "joueur": "RicH33"
  },
  {
    "position": 4,
    "equipe": "Big Farma",
    "temps": "18:17:37",
    "ecart": "+1'56",
    "joueur": "mcohara"
  },
  {
    "position": 5,
    "equipe": "Good Cheese",
    "temps": "18:18:32",
    "ecart": "+2'51",
    "joueur": ""
  },
  {
    "position": 6,
    "equipe": "Saunier Duval",
    "temps": "18:19:34",
    "ecart": "+3'53",
    "joueur": ""
  },
  {
    "position": 7,
    "equipe": "Team Claquos",
    "temps": "18:20:07",
    "ecart": "+4'26",
    "joueur": ""
  },
  {
    "position": 8,
    "equipe": "Viesmann",
    "temps": "18:21:13",
    "ecart": "+5'32",
    "joueur": ""
  },
  {
    "position": 9,
    "equipe": "UCPSPA",
    "temps": "18:24:51",
    "ecart": "+9'10",
    "joueur": ""
  },
  {
    "position": 10,
    "equipe": "Gangster and Gentleman",
    "temps": "18:32:42",
    "ecart": "+17'01",
    "joueur": ""
  },
  {
    "position": 11,
    "equipe": "Team Gouda",
    "temps": "18:33:52",
    "ecart": "+18'11",
    "joueur": ""
  },
  {
    "position": 12,
    "equipe": "Österreichisches Bier",
    "temps": "18:39:13",
    "ecart": "+23'32",
    "joueur": ""
  },
  {
    "position": 13,
    "equipe": "Daikin",
    "temps": "18:40:19",
    "ecart": "+24'38",
    "joueur": ""
  },
  {
    "position": 14,
    "equipe": "Team Alençon",
    "temps": "18:54:59",
    "ecart": "+39'18",
    "joueur": ""
  },
  {
    "position": 15,
    "equipe": "Team Burrata",
    "temps": "18:55:01",
    "ecart": "+39'20",
    "joueur": ""
  },
  {
    "position": 16,
    "equipe": "Doping",
    "temps": "18:55:03",
    "ecart": "+39'22",
    "joueur": ""
  },
  {
    "position": 17,
    "equipe": "Frisquet",
    "temps": "18:55:04",
    "ecart": "+39'23",
    "joueur": ""
  },
  {
    "position": 18,
    "equipe": "Belgisch Bier",
    "temps": "18:56:06",
    "ecart": "+40'25",
    "joueur": ""
  },
  {
    "position": 19,
    "equipe": "Suceurs 2 Roues",
    "temps": "18:56:33",
    "ecart": "+40'52",
    "joueur": ""
  },
  {
    "position": 20,
    "equipe": "Rap Street Boys",
    "temps": "18:59:34",
    "ecart": "+43'53",
    "joueur": ""
  },
  {
    "position": 21,
    "equipe": "20 Rouge",
    "temps": "19:03:16",
    "ecart": "+47'35",
    "joueur": ""
  },
  {
    "position": 22,
    "equipe": "Weed",
    "temps": "19:10:26",
    "ecart": "+54'45",
    "joueur": ""
  },
  {
    "position": 23,
    "equipe": "Nederlands Bier",
    "temps": "19:10:43",
    "ecart": "+55'02",
    "joueur": ""
  },
  {
    "position": 24,
    "equipe": "Over Dose Racing",
    "temps": "19:12:26",
    "ecart": "+56'45",
    "joueur": ""
  }
]