[
  {
    "position": 1,
    "equipe": "Team Alençon",
    "temps": "08:02:13",
    "ecart": "Leader équipe",
    "joueur": ""
  },
  {
    "position": 2,
    "equipe": "RnB de Rue",
    "temps": "08:03:14",
    "ecart": "+1'01",
    "joueur": "Tefouine"
  },
  {
    "position": 3,
    "equipe": "Suceurs 2 Roues",
    "temps": "08:04:20",
    "ecart": "+2'07",
    "joueur": ""
  },
  {
    "position": 4,
    "equipe": "Bier Brigade",
    "temps": "08:04:21",
    "ecart": "+2'08",
    "joueur": "Bismuth"
  },
  {
    "position": 5,
    "equipe": "Froooonce",
    "temps": "08:04:32",
    "ecart": "+2'19",
    "joueur": "RicH33"
  },
  {
    "position": 6,
    "equipe": "Rap Street Boys",
    "temps": "08:04:56",
    "ecart": "+2'43",
    "joueur": ""
  },
  {
    "position": 7,
    "equipe": "Österreichisches Bier",
    "temps": "08:05:01",
    "ecart": "+2'48",
    "joueur": ""
  },
  {
    "position": 8,
    "equipe": "Big Farma",
    "temps": "08:05:10",
    "ecart": "+2'57",
    "joueur": "mcohara"
  },
  {
    "position": 9,
    "equipe": "Good Cheese",
    "temps": "08:05:17",
    "ecart": "+3'04",
    "joueur": ""
  },
  {
    "position": 10,
    "equipe": "Weed",
    "temps": "08:05:26",
    "ecart": "+3'13",
    "joueur": ""
  },
  {
    "position": 11,
    "equipe": "UCPSPA",
    "temps": "08:06:06",
    "ecart": "+3'53",
    "joueur": ""
  },
  {
    "position": 12,
    "equipe": "Team Claquos",
    "temps": "08:06:12",
    "ecart": "+3'59",
    "joueur": ""
  },
  {
    "position": 13,
    "equipe": "Nederlands Bier",
    "temps": "08:06:16",
    "ecart": "+4'03",
    "joueur": ""
  },
  {
    "position": 14,
    "equipe": "Saunier Duval",
    "temps": "08:06:20",
    "ecart": "+4'07",
    "joueur": ""
  },
  {
    "position": 15,
    "equipe": "Viesmann",
    "temps": "08:07:04",
    "ecart": "+4'51",
    "joueur": ""
  },
  {
    "position": 16,
    "equipe": "Team Gouda",
    "temps": "08:07:12",
    "ecart": "+4'59",
    "joueur": ""
  },
  {
    "position": 17,
    "equipe": "Frisquet",
    "temps": "08:07:26",
    "ecart": "+5'13",
    "joueur": ""
  },
  {
    "position": 18,
    "equipe": "Over Dose Racing",
    "temps": "08:07:59",
    "ecart": "+5'46",
    "joueur": ""
  },
  {
    "position": 19,
    "equipe": "Team Burrata",
    "temps": "08:08:22",
    "ecart": "+6'09",
    "joueur": ""
  },
  {
    "position": 20,
    "equipe": "Doping",
    "temps": "08:08:24",
    "ecart": "+6'11",
    "joueur": ""
  },
  {
    "position": 21,
    "equipe": "20 Rouge",
    "temps": "08:08:24",
    "ecart": "+6'11",
    "joueur": ""
  },
  {
    "position": 22,
    "equipe": "Daikin",
    "temps": "08:08:41",
    "ecart": "+6'28",
    "joueur": ""
  },
  {
    "position": 23,
    "equipe": "Belgisch Bier",
    "temps": "08:09:27",
    "ecart": "+7'14",
    "joueur": ""
  },
  {
    "position": 24,
    "equipe": "Gangster and Gentleman",
    "temps": "08:09:27",
    "ecart": "+7'14",
    "joueur": ""
  }
]