[
  {
    "position": 1,
    "nom": "Miguel Indurain",
    "equipe": "Big Farma",
    "temps": "00:13:22",
    "ecart": "Leader jeune",
    "joueur": "mcohara"
  },
  {
    "position": 2,
    "nom": "Ra Chelle",
    "equipe": "UCPSPA",
    "temps": "00:13:38",
    "ecart": "+0'16"
  },
  {
    "position": 3,
    "nom": "Bob Marley",
    "equipe": "Weed",
    "temps": "00:13:41",
    "ecart": "+0'19"
  },
  {
    "position": 4,
    "nom": "Dieter Bitburger",
    "equipe": "Bier Brigade",
    "temps": "00:13:42",
    "ecart": "+0'20",
    "joueur": "Bismuth"
  },
  {
    "position": 5,
    "nom": "Justin Bieber",
    "equipe": "RnB de Rue",
    "temps": "00:13:44",
    "ecart": "+0'22",
    "joueur": "Tefouine"
  },
  {
    "position": 6,
    "nom": "Mangetes Morbier",
    "equipe": "Good Cheese",
    "temps": "00:13:50",
    "ecart": "+0'28"
  },
  {
    "position": 7,
    "nom": "Am Stel",
    "equipe": "Nederlands Bier",
    "temps": "00:13:52",
    "ecart": "+0'30"
  },
  {
    "position": 8,
    "nom": "Floyd Landis",
    "equipe": "Big Farma",
    "temps": "00:13:52",
    "ecart": "+0'30",
    "joueur": "mcohara"
  },
  {
    "position": 9,
    "nom": "Wiesel Burger",
    "equipe": "Österreichisches Bier",
    "temps": "00:13:54",
    "ecart": "+0'32"
  },
  {
    "position": 10,
    "nom": "Jean-Claude Van Damme",
    "equipe": "Over Dose Racing",
    "temps": "00:13:54",
    "ecart": "+0'32"
  },
  {
    "position": 11,
    "nom": "Willy Denzey",
    "equipe": "RnB de Rue",
    "temps": "00:13:57",
    "ecart": "+0'35",
    "joueur": "Tefouine"
  },
  {
    "position": 12,
    "nom": "Carl Lewis",
    "equipe": "Doping",
    "temps": "00:13:59",
    "ecart": "+0'37"
  },
  {
    "position": 13,
    "nom": "Oudgard Den",
    "equipe": "Belgisch Bier",
    "temps": "00:13:59",
    "ecart": "+0'37"
  },
  {
    "position": 14,
    "nom": "Kanye West",
    "equipe": "Weed",
    "temps": "00:14:00",
    "ecart": "+0'38"
  },
  {
    "position": 15,
    "nom": "Parmi Giano",
    "equipe": "Team Burrata",
    "temps": "00:14:15",
    "ecart": "+0'53"
  },
  {
    "position": 16,
    "nom": "Kal Orifer",
    "equipe": "Viesmann",
    "temps": "00:14:15",
    "ecart": "+0'53"
  },
  {
    "position": 17,
    "nom": "Vianney Pangrazy",
    "equipe": "Team Alençon",
    "temps": "00:14:19",
    "ecart": "+0'57"
  },
  {
    "position": 18,
    "nom": "Grinne Dgeu",
    "equipe": "Rap Street Boys",
    "temps": "00:14:20",
    "ecart": "+0'58"
  },
  {
    "position": 19,
    "nom": "Robert de la Bergerie",
    "equipe": "UCPSPA",
    "temps": "00:14:20",
    "ecart": "+0'58"
  },
  {
    "position": 20,
    "nom": "Tonton Graillou",
    "equipe": "Team Alençon",
    "temps": "00:14:21",
    "ecart": "+0'59"
  },
  {
    "position": 21,
    "nom": "Dario Frigo",
    "equipe": "Saunier Duval",
    "temps": "00:14:22",
    "ecart": "+1'00"
  },
  {
    "position": 22,
    "nom": "Duncan Coillotte",
    "equipe": "Good Cheese",
    "temps": "00:14:22",
    "ecart": "+1'00"
  },
  {
    "position": 23,
    "nom": "Pierre Palmade",
    "equipe": "Over Dose Racing",
    "temps": "00:14:23",
    "ecart": "+1'01"
  },
  {
    "position": 24,
    "nom": "Ben Johnson",
    "equipe": "Doping",
    "temps": "00:14:24",
    "ecart": "+1'02"
  },
  {
    "position": 25,
    "nom": "Gorgone Zola",
    "equipe": "Team Burrata",
    "temps": "00:14:34",
    "ecart": "+1'12"
  },
  {
    "position": 26,
    "nom": "Boil Her",
    "equipe": "Viesmann",
    "temps": "00:14:35",
    "ecart": "+1'13"
  },
  {
    "position": 27,
    "nom": "Maitre Gims",
    "equipe": "Rap Street Boys",
    "temps": "00:14:39",
    "ecart": "+1'17"
  },
  {
    "position": 28,
    "nom": "Roch Fort",
    "equipe": "Team Claquos",
    "temps": "00:14:40",
    "ecart": "+1'18"
  },
  {
    "position": 29,
    "nom": "Sashi Mi",
    "equipe": "Daikin",
    "temps": "00:14:40",
    "ecart": "+1'18"
  },
  {
    "position": 30,
    "nom": "Danilo Di Luca",
    "equipe": "Saunier Duval",
    "temps": "00:14:41",
    "ecart": "+1'19"
  },
  {
    "position": 31,
    "nom": "Ferme Laporte",
    "equipe": "Frisquet",
    "temps": "00:14:42",
    "ecart": "+1'20"
  },
  {
    "position": 32,
    "nom": "Ay Dam",
    "equipe": "Team Gouda",
    "temps": "00:14:45",
    "ecart": "+1'23"
  },
  {
    "position": 33,
    "nom": "Maas Dam",
    "equipe": "Team Gouda",
    "temps": "00:14:46",
    "ecart": "+1'24"
  },
  {
    "position": 34,
    "nom": "Fourme Dambert",
    "equipe": "Team Claquos",
    "temps": "00:14:53",
    "ecart": "+1'31"
  },
  {
    "position": 35,
    "nom": "Hiro Shima",
    "equipe": "Daikin",
    "temps": "00:14:57",
    "ecart": "+1'35"
  },
  {
    "position": 36,
    "nom": "Bank Ize",
    "equipe": "Frisquet",
    "temps": "00:14:57",
    "ecart": "+1'35"
  },
  {
    "position": 37,
    "nom": "Karl Beck",
    "equipe": "Bier Brigade",
    "temps": "00:15:19",
    "ecart": "+1'57",
    "joueur": "Bismuth"
  },
  {
    "position": 38,
    "nom": "Trumer Pils",
    "equipe": "Österreichisches Bier",
    "temps": "00:15:23",
    "ecart": "+2'01"
  },
  {
    "position": 39,
    "nom": "Jan Hertog",
    "equipe": "Nederlands Bier",
    "temps": "00:15:44",
    "ecart": "+2'22"
  },
  {
    "position": 40,
    "nom": "Stella Artois",
    "equipe": "Belgisch Bier",
    "temps": "00:15:44",
    "ecart": "+2'22"
  },
  {
    "position": 41,
    "nom": "Thibaut Pinot",
    "equipe": "Froooonce",
    "temps": "00:15:51",
    "ecart": "+2'29",
    "joueur": "RicH33"
  },
  {
    "position": 42,
    "nom": "Geraint Tomasse",
    "equipe": "Suceurs 2 Roues",
    "temps": "00:16:07",
    "ecart": "+2'45"
  },
  {
    "position": 43,
    "nom": "Bradley Wiggins",
    "equipe": "Suceurs 2 Roues",
    "temps": "00:16:09",
    "ecart": "+2'47"
  },
  {
    "position": 44,
    "nom": "Ughes Goboss",
    "equipe": "Gangster and Gentleman",
    "temps": "00:16:16",
    "ecart": "+2'54"
  },
  {
    "position": 45,
    "nom": "Ki Inimod",
    "equipe": "Gangster and Gentleman",
    "temps": "00:16:17",
    "ecart": "+2'55"
  },
  {
    "position": 46,
    "nom": "Crozés Hermitage",
    "equipe": "20 Rouge",
    "temps": "00:16:25",
    "ecart": "+3'03"
  },
  {
    "position": 47,
    "nom": "Julian Alaphilippe",
    "equipe": "Froooonce",
    "temps": "00:16:48",
    "ecart": "+3'26",
    "joueur": "RicH33"
  },
  {
    "position": 48,
    "nom": "Lalande De Pomerol",
    "equipe": "20 Rouge",
    "temps": "00:16:51",
    "ecart": "+3'29"
  }
]