[
  {
    "nom": "David Gaudu",
    "equipe": "Froooonce",
    "montagne": 11,
    "position": 1,
    "ecart": "Leader Montagne"
  },
  {
    "nom": "Willy Denzey",
    "equipe": "RnB de Rue",
    "montagne": 8,
    "position": 2,
    "ecart": "-3"
  },
  {
    "nom": "Geraint Tomasse",
    "equipe": "Suceurs 2 Roues",
    "montagne": 8,
    "position": 3,
    "ecart": "-3"
  },
  {
    "nom": "Luc Tenfré",
    "equipe": "Frisquet",
    "montagne": 7,
    "position": 4,
    "ecart": "-4"
  },
  {
    "nom": "Justin Bieber",
    "equipe": "RnB de Rue",
    "montagne": 6,
    "position": 5,
    "ecart": "-5"
  },
  {
    "nom": "Matt Houston",
    "equipe": "RnB de Rue",
    "montagne": 5,
    "position": 6,
    "ecart": "-6"
  },
  {
    "nom": "Thibaut Pinot",
    "equipe": "Froooonce",
    "montagne": 5,
    "position": 7,
    "ecart": "-6"
  },
  {
    "nom": "Uwe Pilsner",
    "equipe": "Bier Brigade",
    "montagne": 2,
    "position": 8,
    "ecart": "-9"
  },
  {
    "nom": "Riccardo Ricco",
    "equipe": "Saunier Duval",
    "montagne": 2,
    "position": 9,
    "ecart": "-9"
  },
  {
    "nom": "Thierry Ardisson",
    "equipe": "Over Dose Racing",
    "montagne": 1,
    "position": 10,
    "ecart": "-10"
  },
  {
    "nom": "Joseba Beloki",
    "equipe": "Suceurs 2 Roues",
    "montagne": 1,
    "position": 11,
    "ecart": "-10"
  },
  {
    "nom": "Dario Frigo",
    "equipe": "Saunier Duval",
    "montagne": 1,
    "position": 12,
    "ecart": "-10"
  },
  {
    "nom": "Tonton Graillou",
    "equipe": "Team Alençon",
    "montagne": 1,
    "position": 13,
    "ecart": "-10"
  }
]