[
  {
    "position": 1,
    "equipe": "RnB de Rue",
    "temps": "29:16:17",
    "ecart": "Leader équipe",
    "joueur": "Tefouine"
  },
  {
    "position": 2,
    "equipe": "Bier Brigade",
    "temps": "29:21:52",
    "ecart": "+5'35",
    "joueur": "Bismuth"
  },
  {
    "position": 3,
    "equipe": "Saunier Duval",
    "temps": "29:25:51",
    "ecart": "+9'34",
    "joueur": ""
  },
  {
    "position": 4,
    "equipe": "Froooonce",
    "temps": "29:26:32",
    "ecart": "+10'15",
    "joueur": "RicH33"
  },
  {
    "position": 5,
    "equipe": "Big Farma",
    "temps": "29:27:51",
    "ecart": "+11'34",
    "joueur": "mcohara"
  },
  {
    "position": 6,
    "equipe": "Good Cheese",
    "temps": "29:30:10",
    "ecart": "+13'53",
    "joueur": ""
  },
  {
    "position": 7,
    "equipe": "Team Claquos",
    "temps": "29:33:49",
    "ecart": "+17'32",
    "joueur": ""
  },
  {
    "position": 8,
    "equipe": "UCPSPA",
    "temps": "29:36:49",
    "ecart": "+20'32",
    "joueur": ""
  },
  {
    "position": 9,
    "equipe": "Viesmann",
    "temps": "29:38:52",
    "ecart": "+22'35",
    "joueur": ""
  },
  {
    "position": 10,
    "equipe": "Daikin",
    "temps": "29:57:58",
    "ecart": "+41'41",
    "joueur": ""
  },
  {
    "position": 11,
    "equipe": "Team Gouda",
    "temps": "30:04:02",
    "ecart": "+47'45",
    "joueur": ""
  },
  {
    "position": 12,
    "equipe": "Österreichisches Bier",
    "temps": "30:08:26",
    "ecart": "+52'09",
    "joueur": ""
  },
  {
    "position": 13,
    "equipe": "Suceurs 2 Roues",
    "temps": "30:24:34",
    "ecart": "+1:08'17",
    "joueur": ""
  },
  {
    "position": 14,
    "equipe": "Frisquet",
    "temps": "30:38:12",
    "ecart": "+1:21'55",
    "joueur": ""
  },
  {
    "position": 15,
    "equipe": "Rap Street Boys",
    "temps": "30:39:21",
    "ecart": "+1:23'04",
    "joueur": ""
  },
  {
    "position": 16,
    "equipe": "Gangster and Gentleman",
    "temps": "30:40:00",
    "ecart": "+1:23'43",
    "joueur": ""
  },
  {
    "position": 17,
    "equipe": "Team Alençon",
    "temps": "30:41:26",
    "ecart": "+1:25'09",
    "joueur": ""
  },
  {
    "position": 18,
    "equipe": "Doping",
    "temps": "30:41:30",
    "ecart": "+1:25'13",
    "joueur": ""
  },
  {
    "position": 19,
    "equipe": "Weed",
    "temps": "30:44:30",
    "ecart": "+1:28'13",
    "joueur": ""
  },
  {
    "position": 20,
    "equipe": "Belgisch Bier",
    "temps": "30:47:12",
    "ecart": "+1:30'55",
    "joueur": ""
  },
  {
    "position": 21,
    "equipe": "20 Rouge",
    "temps": "30:47:22",
    "ecart": "+1:31'05",
    "joueur": ""
  },
  {
    "position": 22,
    "equipe": "Nederlands Bier",
    "temps": "31:00:37",
    "ecart": "+1:44'20",
    "joueur": ""
  },
  {
    "position": 23,
    "equipe": "Team Burrata",
    "temps": "31:02:19",
    "ecart": "+1:46'02",
    "joueur": ""
  },
  {
    "position": 24,
    "equipe": "Over Dose Racing",
    "temps": "31:09:44",
    "ecart": "+1:53'27",
    "joueur": ""
  }
]