[
  {
    "position": 1,
    "nom": "Nippon Nimove",
    "equipe": "Daikin",
    "temps": "02:39:59",
    "ecart": "Leader"
  },
  {
    "position": 2,
    "nom": "Chikun Gunya",
    "equipe": "Team Alençon",
    "temps": "02:40:00",
    "ecart": "+0'01"
  },
  {
    "position": 3,
    "nom": "Stra Chino",
    "equipe": "Team Burrata",
    "temps": "02:40:03",
    "ecart": "+0'04"
  },
  {
    "position": 4,
    "nom": "Matt Pokora",
    "equipe": "RnB de Rue",
    "temps": "02:40:03",
    "ecart": "+0'04",
    "joueur": "Tefouine"
  },
  {
    "position": 5,
    "nom": "Grinne Dgeu",
    "equipe": "Rap Street Boys",
    "temps": "02:40:05",
    "ecart": "+0'06"
  },
  {
    "position": 6,
    "nom": "Tonton Graillou",
    "equipe": "Team Alençon",
    "temps": "02:40:06",
    "ecart": "+0'07"
  },
  {
    "position": 7,
    "nom": "Lambrusco Prosecco",
    "equipe": "20 Rouge",
    "temps": "02:40:07",
    "ecart": "+0'08"
  },
  {
    "position": 8,
    "nom": "Ben Johnson",
    "equipe": "Doping",
    "temps": "02:40:45",
    "ecart": "+0'46"
  },
  {
    "position": 9,
    "nom": "Uwe Pilsner",
    "equipe": "Bier Brigade",
    "temps": "02:41:23",
    "ecart": "+1'24",
    "joueur": "Bismuth"
  },
  {
    "position": 10,
    "nom": "Bruno Krombacher",
    "equipe": "Bier Brigade",
    "temps": "02:41:25",
    "ecart": "+1'26",
    "joueur": "Bismuth"
  },
  {
    "position": 11,
    "nom": "Miguel Indurain",
    "equipe": "Big Farma",
    "temps": "02:41:29",
    "ecart": "+1'30",
    "joueur": "mcohara"
  },
  {
    "position": 12,
    "nom": "Max Weizen",
    "equipe": "Bier Brigade",
    "temps": "02:41:33",
    "ecart": "+1'34",
    "joueur": "Bismuth"
  },
  {
    "position": 13,
    "nom": "Otta Kringer",
    "equipe": "Österreichisches Bier",
    "temps": "02:41:39",
    "ecart": "+1'40"
  },
  {
    "position": 14,
    "nom": "Hans Hopfen",
    "equipe": "Bier Brigade",
    "temps": "02:41:41",
    "ecart": "+1'42",
    "joueur": "Bismuth"
  },
  {
    "position": 15,
    "nom": "Michael Rasmussen",
    "equipe": "Big Farma",
    "temps": "02:41:42",
    "ecart": "+1'43",
    "joueur": "mcohara"
  },
  {
    "position": 16,
    "nom": "Zip Fer",
    "equipe": "Österreichisches Bier",
    "temps": "02:41:42",
    "ecart": "+1'43"
  },
  {
    "position": 17,
    "nom": "Bob Lacroute",
    "equipe": "Good Cheese",
    "temps": "02:41:44",
    "ecart": "+1'45"
  },
  {
    "position": 18,
    "nom": "Snoop Dog",
    "equipe": "Weed",
    "temps": "02:41:47",
    "ecart": "+1'48"
  },
  {
    "position": 19,
    "nom": "Brie de Meaux",
    "equipe": "Team Claquos",
    "temps": "02:41:48",
    "ecart": "+1'49"
  },
  {
    "position": 20,
    "nom": "K Kamaro",
    "equipe": "RnB de Rue",
    "temps": "02:41:49",
    "ecart": "+1'50",
    "joueur": "Tefouine"
  },
  {
    "position": 21,
    "nom": "Dieter Bitburger",
    "equipe": "Bier Brigade",
    "temps": "02:41:49",
    "ecart": "+1'50",
    "joueur": "Bismuth"
  },
  {
    "position": 22,
    "nom": "Francesco Casagrande",
    "equipe": "Saunier Duval",
    "temps": "02:41:51",
    "ecart": "+1'52"
  },
  {
    "position": 23,
    "nom": "Ice Cube",
    "equipe": "Weed",
    "temps": "02:41:51",
    "ecart": "+1'52"
  },
  {
    "position": 24,
    "nom": "Justin Bieber",
    "equipe": "RnB de Rue",
    "temps": "02:41:51",
    "ecart": "+1'52",
    "joueur": "Tefouine"
  },
  {
    "position": 25,
    "nom": "Geraint Tomasse",
    "equipe": "Suceurs 2 Roues",
    "temps": "02:41:52",
    "ecart": "+1'53"
  },
  {
    "position": 26,
    "nom": "Punti Gamer",
    "equipe": "Österreichisches Bier",
    "temps": "02:41:54",
    "ecart": "+1'55"
  },
  {
    "position": 27,
    "nom": "Matt Houston",
    "equipe": "RnB de Rue",
    "temps": "02:41:56",
    "ecart": "+1'57",
    "joueur": "Tefouine"
  },
  {
    "position": 28,
    "nom": "Wiz Khalifa",
    "equipe": "Weed",
    "temps": "02:41:56",
    "ecart": "+1'57"
  },
  {
    "position": 29,
    "nom": "Blue Fort",
    "equipe": "Team Gouda",
    "temps": "02:41:57",
    "ecart": "+1'58"
  },
  {
    "position": 30,
    "nom": "Pico Don",
    "equipe": "Team Claquos",
    "temps": "02:41:57",
    "ecart": "+1'58"
  },
  {
    "position": 31,
    "nom": "Am Stel",
    "equipe": "Nederlands Bier",
    "temps": "02:41:59",
    "ecart": "+2'00"
  },
  {
    "position": 32,
    "nom": "Rigoberto Ouran",
    "equipe": "Suceurs 2 Roues",
    "temps": "02:41:59",
    "ecart": "+2'00"
  },
  {
    "position": 33,
    "nom": "Floyd Landis",
    "equipe": "Big Farma",
    "temps": "02:41:59",
    "ecart": "+2'00",
    "joueur": "mcohara"
  },
  {
    "position": 34,
    "nom": "Laurent Jalabert",
    "equipe": "Froooonce",
    "temps": "02:42:00",
    "ecart": "+2'01",
    "joueur": "RicH33"
  },
  {
    "position": 35,
    "nom": "Oedipus Brewing",
    "equipe": "Nederlands Bier",
    "temps": "02:42:04",
    "ecart": "+2'05"
  },
  {
    "position": 36,
    "nom": "Willy Denzey",
    "equipe": "RnB de Rue",
    "temps": "02:42:04",
    "ecart": "+2'05",
    "joueur": "Tefouine"
  },
  {
    "position": 37,
    "nom": "Tom Desbauges",
    "equipe": "Good Cheese",
    "temps": "02:42:05",
    "ecart": "+2'06"
  },
  {
    "position": 38,
    "nom": "Mi Loud",
    "equipe": "UCPSPA",
    "temps": "02:42:13",
    "ecart": "+2'14"
  },
  {
    "position": 39,
    "nom": "Djou Houle",
    "equipe": "Rap Street Boys",
    "temps": "02:42:14",
    "ecart": "+2'15"
  },
  {
    "position": 40,
    "nom": "Van Sifer",
    "equipe": "Viesmann",
    "temps": "02:42:15",
    "ecart": "+2'16"
  },
  {
    "position": 41,
    "nom": "Thomas Voeckler",
    "equipe": "Froooonce",
    "temps": "02:42:15",
    "ecart": "+2'16",
    "joueur": "RicH33"
  },
  {
    "position": 42,
    "nom": "Kaiser Bier",
    "equipe": "Österreichisches Bier",
    "temps": "02:42:16",
    "ecart": "+2'17"
  },
  {
    "position": 43,
    "nom": "Moincinq Degré",
    "equipe": "Frisquet",
    "temps": "02:42:17",
    "ecart": "+2'18"
  },
  {
    "position": 44,
    "nom": "David Gaudu",
    "equipe": "Froooonce",
    "temps": "02:42:18",
    "ecart": "+2'19",
    "joueur": "RicH33"
  },
  {
    "position": 45,
    "nom": "Ra Aekwon",
    "equipe": "Gangster and Gentleman",
    "temps": "02:42:19",
    "ecart": "+2'20"
  },
  {
    "position": 46,
    "nom": "Elon Musk",
    "equipe": "Over Dose Racing",
    "temps": "02:42:19",
    "ecart": "+2'20"
  },
  {
    "position": 47,
    "nom": "Al Bane",
    "equipe": "UCPSPA",
    "temps": "02:42:22",
    "ecart": "+2'23"
  },
  {
    "position": 48,
    "nom": "N'golo Comté",
    "equipe": "Good Cheese",
    "temps": "02:42:23",
    "ecart": "+2'24"
  },
  {
    "position": 49,
    "nom": "Damiano Cunego",
    "equipe": "Saunier Duval",
    "temps": "02:42:23",
    "ecart": "+2'24"
  },
  {
    "position": 50,
    "nom": "Rez Iztense",
    "equipe": "Viesmann",
    "temps": "02:42:27",
    "ecart": "+2'28"
  },
  {
    "position": 51,
    "nom": "Alessandro Ballan",
    "equipe": "Saunier Duval",
    "temps": "02:42:28",
    "ecart": "+2'29"
  },
  {
    "position": 52,
    "nom": "Ma Roilles",
    "equipe": "Team Claquos",
    "temps": "02:42:28",
    "ecart": "+2'29"
  },
  {
    "position": 53,
    "nom": "Guivarch Kiri",
    "equipe": "Good Cheese",
    "temps": "02:42:28",
    "ecart": "+2'29"
  },
  {
    "position": 54,
    "nom": "Dario Frigo",
    "equipe": "Saunier Duval",
    "temps": "02:42:29",
    "ecart": "+2'30"
  },
  {
    "position": 55,
    "nom": "Duncan Coillotte",
    "equipe": "Good Cheese",
    "temps": "02:42:29",
    "ecart": "+2'30"
  },
  {
    "position": 56,
    "nom": "Zun Dert",
    "equipe": "Nederlands Bier",
    "temps": "02:42:29",
    "ecart": "+2'30"
  },
  {
    "position": 57,
    "nom": "Tyler Hamilton",
    "equipe": "Big Farma",
    "temps": "02:42:31",
    "ecart": "+2'32",
    "joueur": "mcohara"
  },
  {
    "position": 58,
    "nom": "Lance Armstrong",
    "equipe": "Big Farma",
    "temps": "02:42:32",
    "ecart": "+2'33",
    "joueur": "mcohara"
  },
  {
    "position": 59,
    "nom": "Leo Pompasse",
    "equipe": "UCPSPA",
    "temps": "02:42:32",
    "ecart": "+2'33"
  },
  {
    "position": 60,
    "nom": "Fri Son",
    "equipe": "Team Gouda",
    "temps": "02:42:33",
    "ecart": "+2'34"
  },
  {
    "position": 61,
    "nom": "Riccardo Ricco",
    "equipe": "Saunier Duval",
    "temps": "02:42:34",
    "ecart": "+2'35"
  },
  {
    "position": 62,
    "nom": "Alessandro Petacchi",
    "equipe": "Saunier Duval",
    "temps": "02:42:34",
    "ecart": "+2'35"
  },
  {
    "position": 63,
    "nom": "Clim Atizer",
    "equipe": "Viesmann",
    "temps": "02:42:35",
    "ecart": "+2'36"
  },
  {
    "position": 64,
    "nom": "Richard Virenque",
    "equipe": "Froooonce",
    "temps": "02:42:36",
    "ecart": "+2'37",
    "joueur": "RicH33"
  },
  {
    "position": 65,
    "nom": "Cam Ambert",
    "equipe": "Team Claquos",
    "temps": "02:42:41",
    "ecart": "+2'42"
  },
  {
    "position": 66,
    "nom": "Piti Chou",
    "equipe": "Team Alençon",
    "temps": "02:42:45",
    "ecart": "+2'46"
  },
  {
    "position": 67,
    "nom": "Doc Gyneco",
    "equipe": "RnB de Rue",
    "temps": "02:42:48",
    "ecart": "+2'49",
    "joueur": "Tefouine"
  },
  {
    "position": 68,
    "nom": "Danilo Di Luca",
    "equipe": "Saunier Duval",
    "temps": "02:42:48",
    "ecart": "+2'49"
  },
  {
    "position": 69,
    "nom": "Brillat Savarin",
    "equipe": "Team Claquos",
    "temps": "02:42:50",
    "ecart": "+2'51"
  },
  {
    "position": 70,
    "nom": "Geiten Kaas",
    "equipe": "Team Gouda",
    "temps": "02:42:54",
    "ecart": "+2'55"
  },
  {
    "position": 71,
    "nom": "Gey Zer",
    "equipe": "Viesmann",
    "temps": "02:42:59",
    "ecart": "+3'00"
  },
  {
    "position": 72,
    "nom": "Fourme Dambert",
    "equipe": "Team Claquos",
    "temps": "02:43:00",
    "ecart": "+3'01"
  },
  {
    "position": 73,
    "nom": "Göss Her",
    "equipe": "Österreichisches Bier",
    "temps": "02:43:01",
    "ecart": "+3'02"
  },
  {
    "position": 74,
    "nom": "Yves Gêle",
    "equipe": "Frisquet",
    "temps": "02:43:03",
    "ecart": "+3'04"
  },
  {
    "position": 75,
    "nom": "Moos Tache",
    "equipe": "UCPSPA",
    "temps": "02:43:09",
    "ecart": "+3'10"
  },
  {
    "position": 76,
    "nom": "Otto Krug",
    "equipe": "Bier Brigade",
    "temps": "02:43:11",
    "ecart": "+3'12",
    "joueur": "Bismuth"
  },
  {
    "position": 77,
    "nom": "B Passi",
    "equipe": "RnB de Rue",
    "temps": "02:43:14",
    "ecart": "+3'15",
    "joueur": "Tefouine"
  },
  {
    "position": 78,
    "nom": "G Calo",
    "equipe": "RnB de Rue",
    "temps": "02:43:21",
    "ecart": "+3'22",
    "joueur": "Tefouine"
  },
  {
    "position": 79,
    "nom": "Ra Chelle",
    "equipe": "UCPSPA",
    "temps": "02:43:23",
    "ecart": "+3'24"
  },
  {
    "position": 80,
    "nom": "Amande Ine",
    "equipe": "UCPSPA",
    "temps": "02:43:25",
    "ecart": "+3'26"
  },
  {
    "position": 81,
    "nom": "Bob Marley",
    "equipe": "Weed",
    "temps": "02:43:26",
    "ecart": "+3'27"
  },
  {
    "position": 82,
    "nom": "Karl Beck",
    "equipe": "Bier Brigade",
    "temps": "02:43:26",
    "ecart": "+3'27",
    "joueur": "Bismuth"
  },
  {
    "position": 83,
    "nom": "Erik Zabel",
    "equipe": "Big Farma",
    "temps": "02:43:29",
    "ecart": "+3'30",
    "joueur": "mcohara"
  },
  {
    "position": 84,
    "nom": "Gou Da",
    "equipe": "Team Gouda",
    "temps": "02:43:29",
    "ecart": "+3'30"
  },
  {
    "position": 85,
    "nom": "Trumer Pils",
    "equipe": "Österreichisches Bier",
    "temps": "02:43:30",
    "ecart": "+3'31"
  },
  {
    "position": 86,
    "nom": "Mangetes Morbier",
    "equipe": "Good Cheese",
    "temps": "02:43:35",
    "ecart": "+3'36"
  },
  {
    "position": 87,
    "nom": "Grim Bergen",
    "equipe": "Belgisch Bier",
    "temps": "02:43:36",
    "ecart": "+3'37"
  },
  {
    "position": 88,
    "nom": "Raymond Poulidor",
    "equipe": "Froooonce",
    "temps": "02:43:37",
    "ecart": "+3'38",
    "joueur": "RicH33"
  },
  {
    "position": 89,
    "nom": "Linde Boom",
    "equipe": "Nederlands Bier",
    "temps": "02:43:37",
    "ecart": "+3'38"
  },
  {
    "position": 90,
    "nom": "Jean-Luc Delarue",
    "equipe": "Over Dose Racing",
    "temps": "02:43:39",
    "ecart": "+3'40"
  },
  {
    "position": 91,
    "nom": "Wiesel Burger",
    "equipe": "Österreichisches Bier",
    "temps": "02:43:39",
    "ecart": "+3'40"
  },
  {
    "position": 92,
    "nom": "Jean-Claude Van Damme",
    "equipe": "Over Dose Racing",
    "temps": "02:43:39",
    "ecart": "+3'40"
  },
  {
    "position": 93,
    "nom": "Romain Blochon",
    "equipe": "Good Cheese",
    "temps": "02:43:42",
    "ecart": "+3'43"
  },
  {
    "position": 94,
    "nom": "Fritz Fass",
    "equipe": "Bier Brigade",
    "temps": "02:43:42",
    "ecart": "+3'43",
    "joueur": "Bismuth"
  },
  {
    "position": 95,
    "nom": "Carl Lewis",
    "equipe": "Doping",
    "temps": "02:43:44",
    "ecart": "+3'45"
  },
  {
    "position": 96,
    "nom": "Oudgard Den",
    "equipe": "Belgisch Bier",
    "temps": "02:43:44",
    "ecart": "+3'45"
  },
  {
    "position": 97,
    "nom": "Kanye West",
    "equipe": "Weed",
    "temps": "02:43:45",
    "ecart": "+3'46"
  },
  {
    "position": 98,
    "nom": "Delirium Tremens",
    "equipe": "Belgisch Bier",
    "temps": "02:43:45",
    "ecart": "+3'46"
  },
  {
    "position": 99,
    "nom": "Hess Céhache",
    "equipe": "Rap Street Boys",
    "temps": "02:43:49",
    "ecart": "+3'50"
  },
  {
    "position": 100,
    "nom": "Ba Varia",
    "equipe": "Nederlands Bier",
    "temps": "02:43:51",
    "ecart": "+3'52"
  },
  {
    "position": 101,
    "nom": "West Malle",
    "equipe": "Belgisch Bier",
    "temps": "02:43:52",
    "ecart": "+3'53"
  },
  {
    "position": 102,
    "nom": "Jupi Ler",
    "equipe": "Belgisch Bier",
    "temps": "02:43:56",
    "ecart": "+3'57"
  },
  {
    "position": 103,
    "nom": "Goudebananece Beaujolais",
    "equipe": "20 Rouge",
    "temps": "02:43:56",
    "ecart": "+3'57"
  },
  {
    "position": 104,
    "nom": "Jay Z",
    "equipe": "Weed",
    "temps": "02:43:56",
    "ecart": "+3'57"
  },
  {
    "position": 105,
    "nom": "Tim Montgomery",
    "equipe": "Doping",
    "temps": "02:43:57",
    "ecart": "+3'58"
  },
  {
    "position": 106,
    "nom": "Kom Paan",
    "equipe": "Nederlands Bier",
    "temps": "02:43:58",
    "ecart": "+3'59"
  },
  {
    "position": 107,
    "nom": "Jonas Vingegarde",
    "equipe": "Suceurs 2 Roues",
    "temps": "02:43:58",
    "ecart": "+3'59"
  },
  {
    "position": 108,
    "nom": "Marco Pantani",
    "equipe": "Big Farma",
    "temps": "02:43:58",
    "ecart": "+3'59",
    "joueur": "mcohara"
  },
  {
    "position": 109,
    "nom": "Thibaut Pinot",
    "equipe": "Froooonce",
    "temps": "02:43:58",
    "ecart": "+3'59",
    "joueur": "RicH33"
  },
  {
    "position": 110,
    "nom": "Parmi Giano",
    "equipe": "Team Burrata",
    "temps": "02:44:00",
    "ecart": "+4'01"
  },
  {
    "position": 111,
    "nom": "Kal Orifer",
    "equipe": "Viesmann",
    "temps": "02:44:00",
    "ecart": "+4'01"
  },
  {
    "position": 112,
    "nom": "Gilberto Simoni",
    "equipe": "Saunier Duval",
    "temps": "02:44:00",
    "ecart": "+4'01"
  },
  {
    "position": 113,
    "nom": "Jan Ullrich",
    "equipe": "Suceurs 2 Roues",
    "temps": "02:44:01",
    "ecart": "+4'02"
  },
  {
    "position": 114,
    "nom": "Dra Ke",
    "equipe": "Weed",
    "temps": "02:44:03",
    "ecart": "+4'04"
  },
  {
    "position": 115,
    "nom": "Steven Kruijswijuijswijk",
    "equipe": "Suceurs 2 Roues",
    "temps": "02:44:03",
    "ecart": "+4'04"
  },
  {
    "position": 116,
    "nom": "Vianney Pangrazy",
    "equipe": "Team Alençon",
    "temps": "02:44:04",
    "ecart": "+4'05"
  },
  {
    "position": 117,
    "nom": "Affli Gem",
    "equipe": "Belgisch Bier",
    "temps": "02:44:04",
    "ecart": "+4'05"
  },
  {
    "position": 118,
    "nom": "Robert de la Bergerie",
    "equipe": "UCPSPA",
    "temps": "02:44:05",
    "ecart": "+4'06"
  },
  {
    "position": 119,
    "nom": "Heine Ken",
    "equipe": "Nederlands Bier",
    "temps": "02:44:05",
    "ecart": "+4'06"
  },
  {
    "position": 120,
    "nom": "Bernard Hinault",
    "equipe": "Froooonce",
    "temps": "02:44:06",
    "ecart": "+4'07",
    "joueur": "RicH33"
  },
  {
    "position": 121,
    "nom": "Marion Jones",
    "equipe": "Doping",
    "temps": "02:44:07",
    "ecart": "+4'08"
  },
  {
    "position": 122,
    "nom": "Pierre Palmade",
    "equipe": "Over Dose Racing",
    "temps": "02:44:08",
    "ecart": "+4'09"
  },
  {
    "position": 123,
    "nom": "Johnny Hallyday",
    "equipe": "Over Dose Racing",
    "temps": "02:44:08",
    "ecart": "+4'09"
  },
  {
    "position": 124,
    "nom": "Robin Aitery",
    "equipe": "Frisquet",
    "temps": "02:44:11",
    "ecart": "+4'12"
  },
  {
    "position": 125,
    "nom": "Kami Kaze",
    "equipe": "Daikin",
    "temps": "02:44:13",
    "ecart": "+4'14"
  },
  {
    "position": 126,
    "nom": "Yves Caille",
    "equipe": "Frisquet",
    "temps": "02:44:14",
    "ecart": "+4'15"
  },
  {
    "position": 127,
    "nom": "Hirt Herbier",
    "equipe": "Österreichisches Bier",
    "temps": "02:44:15",
    "ecart": "+4'16"
  },
  {
    "position": 128,
    "nom": "So Prano",
    "equipe": "Rap Street Boys",
    "temps": "02:44:15",
    "ecart": "+4'16"
  },
  {
    "position": 129,
    "nom": "Saint Nectaire",
    "equipe": "Team Claquos",
    "temps": "02:44:15",
    "ecart": "+4'16"
  },
  {
    "position": 130,
    "nom": "Otto Clave",
    "equipe": "Viesmann",
    "temps": "02:44:16",
    "ecart": "+4'17"
  },
  {
    "position": 131,
    "nom": "Lef Fe",
    "equipe": "Belgisch Bier",
    "temps": "02:44:17",
    "ecart": "+4'18"
  },
  {
    "position": 132,
    "nom": "Vinz Cent",
    "equipe": "UCPSPA",
    "temps": "02:44:19",
    "ecart": "+4'20"
  },
  {
    "position": 133,
    "nom": "Henoc Beausejour",
    "equipe": "Gangster and Gentleman",
    "temps": "02:44:19",
    "ecart": "+4'20"
  },
  {
    "position": 134,
    "nom": "Gorgone Zola",
    "equipe": "Team Burrata",
    "temps": "02:44:19",
    "ecart": "+4'20"
  },
  {
    "position": 135,
    "nom": "Boil Her",
    "equipe": "Viesmann",
    "temps": "02:44:20",
    "ecart": "+4'21"
  },
  {
    "position": 136,
    "nom": "Leer Dammer",
    "equipe": "Team Gouda",
    "temps": "02:44:20",
    "ecart": "+4'21"
  },
  {
    "position": 137,
    "nom": "Luc Tenfré",
    "equipe": "Frisquet",
    "temps": "02:44:21",
    "ecart": "+4'22"
  },
  {
    "position": 138,
    "nom": "Therm Hostat",
    "equipe": "Viesmann",
    "temps": "02:44:21",
    "ecart": "+4'22"
  },
  {
    "position": 139,
    "nom": "Diego Maradona",
    "equipe": "Doping",
    "temps": "02:44:23",
    "ecart": "+4'24"
  },
  {
    "position": 140,
    "nom": "Maitre Gims",
    "equipe": "Rap Street Boys",
    "temps": "02:44:24",
    "ecart": "+4'25"
  },
  {
    "position": 141,
    "nom": "Roch Fort",
    "equipe": "Team Claquos",
    "temps": "02:44:25",
    "ecart": "+4'26"
  },
  {
    "position": 142,
    "nom": "Joël Givré",
    "equipe": "Frisquet",
    "temps": "02:44:25",
    "ecart": "+4'26"
  },
  {
    "position": 143,
    "nom": "Ferme Laporte",
    "equipe": "Frisquet",
    "temps": "02:44:27",
    "ecart": "+4'28"
  },
  {
    "position": 144,
    "nom": "Al Libi",
    "equipe": "Gangster and Gentleman",
    "temps": "02:44:27",
    "ecart": "+4'28"
  },
  {
    "position": 145,
    "nom": "Rico Ta",
    "equipe": "Team Burrata",
    "temps": "02:44:28",
    "ecart": "+4'29"
  },
  {
    "position": 146,
    "nom": "Shin Kansen",
    "equipe": "Daikin",
    "temps": "02:44:30",
    "ecart": "+4'31"
  },
  {
    "position": 147,
    "nom": "Ay Dam",
    "equipe": "Team Gouda",
    "temps": "02:44:30",
    "ecart": "+4'31"
  },
  {
    "position": 148,
    "nom": "Maas Dam",
    "equipe": "Team Gouda",
    "temps": "02:44:31",
    "ecart": "+4'32"
  },
  {
    "position": 149,
    "nom": "Al Kpote",
    "equipe": "Gangster and Gentleman",
    "temps": "02:44:31",
    "ecart": "+4'32"
  },
  {
    "position": 150,
    "nom": "Stro Mae",
    "equipe": "Rap Street Boys",
    "temps": "02:44:34",
    "ecart": "+4'35"
  },
  {
    "position": 151,
    "nom": "Frédéric Beigbedder",
    "equipe": "Over Dose Racing",
    "temps": "02:44:37",
    "ecart": "+4'38"
  },
  {
    "position": 152,
    "nom": "Aurel San",
    "equipe": "Rap Street Boys",
    "temps": "02:44:38",
    "ecart": "+4'39"
  },
  {
    "position": 153,
    "nom": "Cazu Martzu",
    "equipe": "Team Burrata",
    "temps": "02:44:40",
    "ecart": "+4'41"
  },
  {
    "position": 154,
    "nom": "Naruto Uzumaki",
    "equipe": "Daikin",
    "temps": "02:44:41",
    "ecart": "+4'42"
  },
  {
    "position": 155,
    "nom": "Taka Tire",
    "equipe": "Daikin",
    "temps": "02:44:42",
    "ecart": "+4'43"
  },
  {
    "position": 156,
    "nom": "Hiro Shima",
    "equipe": "Daikin",
    "temps": "02:44:42",
    "ecart": "+4'43"
  },
  {
    "position": 157,
    "nom": "Bank Ize",
    "equipe": "Frisquet",
    "temps": "02:44:42",
    "ecart": "+4'43"
  },
  {
    "position": 158,
    "nom": "Black Aime",
    "equipe": "Rap Street Boys",
    "temps": "02:44:48",
    "ecart": "+4'49"
  },
  {
    "position": 159,
    "nom": "Gilbert Lainé",
    "equipe": "Team Alençon",
    "temps": "02:44:55",
    "ecart": "+4'56"
  },
  {
    "position": 160,
    "nom": "Julian Alaphilippe",
    "equipe": "Froooonce",
    "temps": "02:44:55",
    "ecart": "+4'56",
    "joueur": "RicH33"
  },
  {
    "position": 161,
    "nom": "Peco Rino",
    "equipe": "Team Burrata",
    "temps": "02:45:02",
    "ecart": "+5'03"
  },
  {
    "position": 162,
    "nom": "Hubert Savary de Beauregard",
    "equipe": "Team Alençon",
    "temps": "02:45:03",
    "ecart": "+5'04"
  },
  {
    "position": 163,
    "nom": "Yves Voncrevay",
    "equipe": "Gangster and Gentleman",
    "temps": "02:45:23",
    "ecart": "+5'24"
  },
  {
    "position": 164,
    "nom": "Gilles Tarot",
    "equipe": "Team Alençon",
    "temps": "02:45:28",
    "ecart": "+5'29"
  },
  {
    "position": 165,
    "nom": "Jan Hertog",
    "equipe": "Nederlands Bier",
    "temps": "02:45:29",
    "ecart": "+5'30"
  },
  {
    "position": 166,
    "nom": "Stella Artois",
    "equipe": "Belgisch Bier",
    "temps": "02:45:29",
    "ecart": "+5'30"
  },
  {
    "position": 167,
    "nom": "Fort Pommard",
    "equipe": "20 Rouge",
    "temps": "02:45:36",
    "ecart": "+5'37"
  },
  {
    "position": 168,
    "nom": "Sun Yang",
    "equipe": "Doping",
    "temps": "02:45:41",
    "ecart": "+5'42"
  },
  {
    "position": 169,
    "nom": "Samy Naceri",
    "equipe": "Over Dose Racing",
    "temps": "02:45:44",
    "ecart": "+5'45"
  },
  {
    "position": 170,
    "nom": "John Lennon",
    "equipe": "Weed",
    "temps": "02:45:45",
    "ecart": "+5'46"
  },
  {
    "position": 171,
    "nom": "Ughes Goboss",
    "equipe": "Gangster and Gentleman",
    "temps": "02:46:01",
    "ecart": "+6'02"
  },
  {
    "position": 172,
    "nom": "Saint Emilion",
    "equipe": "20 Rouge",
    "temps": "02:46:02",
    "ecart": "+6'03"
  },
  {
    "position": 173,
    "nom": "Raymond Gold",
    "equipe": "Good Cheese",
    "temps": "02:46:03",
    "ecart": "+6'04"
  },
  {
    "position": 174,
    "nom": "Fabio Aroue",
    "equipe": "Suceurs 2 Roues",
    "temps": "02:46:03",
    "ecart": "+6'04"
  },
  {
    "position": 175,
    "nom": "Johan Museeuw",
    "equipe": "Big Farma",
    "temps": "02:46:05",
    "ecart": "+6'06",
    "joueur": "mcohara"
  },
  {
    "position": 176,
    "nom": "Thierry Ardisson",
    "equipe": "Over Dose Racing",
    "temps": "02:46:06",
    "ecart": "+6'07"
  },
  {
    "position": 177,
    "nom": "Crozés Hermitage",
    "equipe": "20 Rouge",
    "temps": "02:46:10",
    "ecart": "+6'11"
  },
  {
    "position": 178,
    "nom": "Joseba Beloki",
    "equipe": "Suceurs 2 Roues",
    "temps": "02:46:20",
    "ecart": "+6'21"
  },
  {
    "position": 179,
    "nom": "Kar Rate",
    "equipe": "Daikin",
    "temps": "02:46:28",
    "ecart": "+6'29"
  },
  {
    "position": 180,
    "nom": "Maurice Greene",
    "equipe": "Doping",
    "temps": "02:46:32",
    "ecart": "+6'33"
  },
  {
    "position": 181,
    "nom": "Lalande De Pomerol",
    "equipe": "20 Rouge",
    "temps": "02:46:36",
    "ecart": "+6'37"
  },
  {
    "position": 182,
    "nom": "Mozza Rella",
    "equipe": "Team Burrata",
    "temps": "02:46:48",
    "ecart": "+6'49"
  },
  {
    "position": 183,
    "nom": "Sashi Mi",
    "equipe": "Daikin",
    "temps": "02:46:51",
    "ecart": "+6'52"
  },
  {
    "position": 184,
    "nom": "Bradley Wiggins",
    "equipe": "Suceurs 2 Roues",
    "temps": "02:47:35",
    "ecart": "+7'36"
  },
  {
    "position": 185,
    "nom": "Ley Den",
    "equipe": "Team Gouda",
    "temps": "02:47:51",
    "ecart": "+7'52"
  },
  {
    "position": 186,
    "nom": "Nicolas De Bourgueil",
    "equipe": "20 Rouge",
    "temps": "02:48:01",
    "ecart": "+8'02"
  },
  {
    "position": 187,
    "nom": "Mobb Infamous",
    "equipe": "Gangster and Gentleman",
    "temps": "02:48:09",
    "ecart": "+8'10"
  },
  {
    "position": 188,
    "nom": "Mascare Pone",
    "equipe": "Team Burrata",
    "temps": "02:48:18",
    "ecart": "+8'19"
  },
  {
    "position": 189,
    "nom": "Tom Simpson",
    "equipe": "Doping",
    "temps": "02:48:28",
    "ecart": "+8'29"
  },
  {
    "position": 190,
    "nom": "Ki Inimod",
    "equipe": "Gangster and Gentleman",
    "temps": "02:48:28",
    "ecart": "+8'29"
  },
  {
    "position": 191,
    "nom": "Muscat Rivesaltes",
    "equipe": "20 Rouge",
    "temps": "02:48:42",
    "ecart": "+8'43"
  },
  {
    "position": 192,
    "nom": "David Desnos",
    "equipe": "Team Alençon",
    "temps": "02:48:54",
    "ecart": "+8'55"
  }
]