[
  {
    "position": 1,
    "nom": "Grinne Dgeu",
    "equipe": "Rap Street Boys",
    "temps": "02:40:05",
    "ecart": "Leader jeune"
  },
  {
    "position": 2,
    "nom": "Tonton Graillou",
    "equipe": "Team Alençon",
    "temps": "02:40:06",
    "ecart": "+0'01"
  },
  {
    "position": 3,
    "nom": "Ben Johnson",
    "equipe": "Doping",
    "temps": "02:40:45",
    "ecart": "+0'40"
  },
  {
    "position": 4,
    "nom": "Miguel Indurain",
    "equipe": "Big Farma",
    "temps": "02:41:29",
    "ecart": "+1'24",
    "joueur": "mcohara"
  },
  {
    "position": 5,
    "nom": "Dieter Bitburger",
    "equipe": "Bier Brigade",
    "temps": "02:41:49",
    "ecart": "+1'44",
    "joueur": "Bismuth"
  },
  {
    "position": 6,
    "nom": "Justin Bieber",
    "equipe": "RnB de Rue",
    "temps": "02:41:51",
    "ecart": "+1'46",
    "joueur": "Tefouine"
  },
  {
    "position": 7,
    "nom": "Geraint Tomasse",
    "equipe": "Suceurs 2 Roues",
    "temps": "02:41:52",
    "ecart": "+1'47"
  },
  {
    "position": 8,
    "nom": "Am Stel",
    "equipe": "Nederlands Bier",
    "temps": "02:41:59",
    "ecart": "+1'54"
  },
  {
    "position": 9,
    "nom": "Floyd Landis",
    "equipe": "Big Farma",
    "temps": "02:41:59",
    "ecart": "+1'54",
    "joueur": "mcohara"
  },
  {
    "position": 10,
    "nom": "Willy Denzey",
    "equipe": "RnB de Rue",
    "temps": "02:42:04",
    "ecart": "+1'59",
    "joueur": "Tefouine"
  },
  {
    "position": 11,
    "nom": "Dario Frigo",
    "equipe": "Saunier Duval",
    "temps": "02:42:29",
    "ecart": "+2'24"
  },
  {
    "position": 12,
    "nom": "Duncan Coillotte",
    "equipe": "Good Cheese",
    "temps": "02:42:29",
    "ecart": "+2'24"
  },
  {
    "position": 13,
    "nom": "Danilo Di Luca",
    "equipe": "Saunier Duval",
    "temps": "02:42:48",
    "ecart": "+2'43"
  },
  {
    "position": 14,
    "nom": "Fourme Dambert",
    "equipe": "Team Claquos",
    "temps": "02:43:00",
    "ecart": "+2'55"
  },
  {
    "position": 15,
    "nom": "Ra Chelle",
    "equipe": "UCPSPA",
    "temps": "02:43:23",
    "ecart": "+3'18"
  },
  {
    "position": 16,
    "nom": "Bob Marley",
    "equipe": "Weed",
    "temps": "02:43:26",
    "ecart": "+3'21"
  },
  {
    "position": 17,
    "nom": "Karl Beck",
    "equipe": "Bier Brigade",
    "temps": "02:43:26",
    "ecart": "+3'21",
    "joueur": "Bismuth"
  },
  {
    "position": 18,
    "nom": "Trumer Pils",
    "equipe": "Österreichisches Bier",
    "temps": "02:43:30",
    "ecart": "+3'25"
  },
  {
    "position": 19,
    "nom": "Mangetes Morbier",
    "equipe": "Good Cheese",
    "temps": "02:43:35",
    "ecart": "+3'30"
  },
  {
    "position": 20,
    "nom": "Wiesel Burger",
    "equipe": "Österreichisches Bier",
    "temps": "02:43:39",
    "ecart": "+3'34"
  },
  {
    "position": 21,
    "nom": "Jean-Claude Van Damme",
    "equipe": "Over Dose Racing",
    "temps": "02:43:39",
    "ecart": "+3'34"
  },
  {
    "position": 22,
    "nom": "Carl Lewis",
    "equipe": "Doping",
    "temps": "02:43:44",
    "ecart": "+3'39"
  },
  {
    "position": 23,
    "nom": "Oudgard Den",
    "equipe": "Belgisch Bier",
    "temps": "02:43:44",
    "ecart": "+3'39"
  },
  {
    "position": 24,
    "nom": "Kanye West",
    "equipe": "Weed",
    "temps": "02:43:45",
    "ecart": "+3'40"
  },
  {
    "position": 25,
    "nom": "Thibaut Pinot",
    "equipe": "Froooonce",
    "temps": "02:43:58",
    "ecart": "+3'53",
    "joueur": "RicH33"
  },
  {
    "position": 26,
    "nom": "Parmi Giano",
    "equipe": "Team Burrata",
    "temps": "02:44:00",
    "ecart": "+3'55"
  },
  {
    "position": 27,
    "nom": "Kal Orifer",
    "equipe": "Viesmann",
    "temps": "02:44:00",
    "ecart": "+3'55"
  },
  {
    "position": 28,
    "nom": "Vianney Pangrazy",
    "equipe": "Team Alençon",
    "temps": "02:44:04",
    "ecart": "+3'59"
  },
  {
    "position": 29,
    "nom": "Robert de la Bergerie",
    "equipe": "UCPSPA",
    "temps": "02:44:05",
    "ecart": "+4'00"
  },
  {
    "position": 30,
    "nom": "Pierre Palmade",
    "equipe": "Over Dose Racing",
    "temps": "02:44:08",
    "ecart": "+4'03"
  },
  {
    "position": 31,
    "nom": "Gorgone Zola",
    "equipe": "Team Burrata",
    "temps": "02:44:19",
    "ecart": "+4'14"
  },
  {
    "position": 32,
    "nom": "Boil Her",
    "equipe": "Viesmann",
    "temps": "02:44:20",
    "ecart": "+4'15"
  },
  {
    "position": 33,
    "nom": "Maitre Gims",
    "equipe": "Rap Street Boys",
    "temps": "02:44:24",
    "ecart": "+4'19"
  },
  {
    "position": 34,
    "nom": "Roch Fort",
    "equipe": "Team Claquos",
    "temps": "02:44:25",
    "ecart": "+4'20"
  },
  {
    "position": 35,
    "nom": "Ferme Laporte",
    "equipe": "Frisquet",
    "temps": "02:44:27",
    "ecart": "+4'22"
  },
  {
    "position": 36,
    "nom": "Ay Dam",
    "equipe": "Team Gouda",
    "temps": "02:44:30",
    "ecart": "+4'25"
  },
  {
    "position": 37,
    "nom": "Maas Dam",
    "equipe": "Team Gouda",
    "temps": "02:44:31",
    "ecart": "+4'26"
  },
  {
    "position": 38,
    "nom": "Hiro Shima",
    "equipe": "Daikin",
    "temps": "02:44:42",
    "ecart": "+4'37"
  },
  {
    "position": 39,
    "nom": "Bank Ize",
    "equipe": "Frisquet",
    "temps": "02:44:42",
    "ecart": "+4'37"
  },
  {
    "position": 40,
    "nom": "Julian Alaphilippe",
    "equipe": "Froooonce",
    "temps": "02:44:55",
    "ecart": "+4'50",
    "joueur": "RicH33"
  },
  {
    "position": 41,
    "nom": "Jan Hertog",
    "equipe": "Nederlands Bier",
    "temps": "02:45:29",
    "ecart": "+5'24"
  },
  {
    "position": 42,
    "nom": "Stella Artois",
    "equipe": "Belgisch Bier",
    "temps": "02:45:29",
    "ecart": "+5'24"
  },
  {
    "position": 43,
    "nom": "Ughes Goboss",
    "equipe": "Gangster and Gentleman",
    "temps": "02:46:01",
    "ecart": "+5'56"
  },
  {
    "position": 44,
    "nom": "Crozés Hermitage",
    "equipe": "20 Rouge",
    "temps": "02:46:10",
    "ecart": "+6'05"
  },
  {
    "position": 45,
    "nom": "Lalande De Pomerol",
    "equipe": "20 Rouge",
    "temps": "02:46:36",
    "ecart": "+6'31"
  },
  {
    "position": 46,
    "nom": "Sashi Mi",
    "equipe": "Daikin",
    "temps": "02:46:51",
    "ecart": "+6'46"
  },
  {
    "position": 47,
    "nom": "Bradley Wiggins",
    "equipe": "Suceurs 2 Roues",
    "temps": "02:47:35",
    "ecart": "+7'30"
  },
  {
    "position": 48,
    "nom": "Ki Inimod",
    "equipe": "Gangster and Gentleman",
    "temps": "02:48:28",
    "ecart": "+8'23"
  }
]