[
  {
    "position": 1,
    "nom": "Uwe Pilsner",
    "equipe": "Bier Brigade",
    "temps": "16:30:57",
    "ecart": "Leader",
    "joueur": "Bismuth"
  },
  {
    "position": 2,
    "nom": "Matt Houston",
    "equipe": "RnB de Rue",
    "temps": "16:31:38",
    "ecart": "+0'41",
    "joueur": "Tefouine"
  },
  {
    "position": 3,
    "nom": "Justin Bieber",
    "equipe": "RnB de Rue",
    "temps": "16:32:21",
    "ecart": "+1'24",
    "joueur": "Tefouine"
  },
  {
    "position": 4,
    "nom": "Mi Loud",
    "equipe": "UCPSPA",
    "temps": "16:32:51",
    "ecart": "+1'54"
  },
  {
    "position": 5,
    "nom": "Lance Armstrong",
    "equipe": "Big Farma",
    "temps": "16:32:59",
    "ecart": "+2'02",
    "joueur": "mcohara"
  },
  {
    "position": 6,
    "nom": "Dario Frigo",
    "equipe": "Saunier Duval",
    "temps": "16:34:38",
    "ecart": "+3'41"
  },
  {
    "position": 7,
    "nom": "Richard Virenque",
    "equipe": "Froooonce",
    "temps": "16:34:42",
    "ecart": "+3'45",
    "joueur": "RicH33"
  },
  {
    "position": 8,
    "nom": "N'golo Comté",
    "equipe": "Good Cheese",
    "temps": "16:34:58",
    "ecart": "+4'01"
  },
  {
    "position": 9,
    "nom": "Willy Denzey",
    "equipe": "RnB de Rue",
    "temps": "16:35:14",
    "ecart": "+4'17",
    "joueur": "Tefouine"
  },
  {
    "position": 10,
    "nom": "Duncan Coillotte",
    "equipe": "Good Cheese",
    "temps": "16:35:37",
    "ecart": "+4'40"
  },
  {
    "position": 11,
    "nom": "Karl Beck",
    "equipe": "Bier Brigade",
    "temps": "16:35:58",
    "ecart": "+5'01",
    "joueur": "Bismuth"
  },
  {
    "position": 12,
    "nom": "Riccardo Ricco",
    "equipe": "Saunier Duval",
    "temps": "16:38:24",
    "ecart": "+7'27"
  },
  {
    "position": 13,
    "nom": "Fritz Fass",
    "equipe": "Bier Brigade",
    "temps": "16:38:34",
    "ecart": "+7'37",
    "joueur": "Bismuth"
  },
  {
    "position": 14,
    "nom": "Cam Ambert",
    "equipe": "Team Claquos",
    "temps": "16:38:50",
    "ecart": "+7'53"
  },
  {
    "position": 15,
    "nom": "B Passi",
    "equipe": "RnB de Rue",
    "temps": "16:39:36",
    "ecart": "+8'39",
    "joueur": "Tefouine"
  },
  {
    "position": 16,
    "nom": "David Gaudu",
    "equipe": "Froooonce",
    "temps": "16:39:44",
    "ecart": "+8'47",
    "joueur": "RicH33"
  },
  {
    "position": 17,
    "nom": "Clim Atizer",
    "equipe": "Viesmann",
    "temps": "16:40:52",
    "ecart": "+9'55"
  },
  {
    "position": 18,
    "nom": "Dieter Bitburger",
    "equipe": "Bier Brigade",
    "temps": "16:41:36",
    "ecart": "+10'39",
    "joueur": "Bismuth"
  },
  {
    "position": 19,
    "nom": "Thibaut Pinot",
    "equipe": "Froooonce",
    "temps": "16:42:51",
    "ecart": "+11'54",
    "joueur": "RicH33"
  },
  {
    "position": 20,
    "nom": "Miguel Indurain",
    "equipe": "Big Farma",
    "temps": "16:42:53",
    "ecart": "+11'56",
    "joueur": "mcohara"
  },
  {
    "position": 21,
    "nom": "Kal Orifer",
    "equipe": "Viesmann",
    "temps": "16:43:54",
    "ecart": "+12'57"
  },
  {
    "position": 22,
    "nom": "Danilo Di Luca",
    "equipe": "Saunier Duval",
    "temps": "16:44:28",
    "ecart": "+13'31"
  },
  {
    "position": 23,
    "nom": "Julian Alaphilippe",
    "equipe": "Froooonce",
    "temps": "16:44:48",
    "ecart": "+13'51",
    "joueur": "RicH33"
  },
  {
    "position": 24,
    "nom": "Mangetes Morbier",
    "equipe": "Good Cheese",
    "temps": "16:45:08",
    "ecart": "+14'11"
  },
  {
    "position": 25,
    "nom": "G Calo",
    "equipe": "RnB de Rue",
    "temps": "16:45:22",
    "ecart": "+14'25",
    "joueur": "Tefouine"
  },
  {
    "position": 26,
    "nom": "Otta Kringer",
    "equipe": "Österreichisches Bier",
    "temps": "16:45:39",
    "ecart": "+14'42"
  },
  {
    "position": 27,
    "nom": "Boil Her",
    "equipe": "Viesmann",
    "temps": "16:46:13",
    "ecart": "+15'16"
  },
  {
    "position": 28,
    "nom": "Roch Fort",
    "equipe": "Team Claquos",
    "temps": "16:46:33",
    "ecart": "+15'36"
  },
  {
    "position": 29,
    "nom": "Otto Clave",
    "equipe": "Viesmann",
    "temps": "16:46:42",
    "ecart": "+15'45"
  },
  {
    "position": 30,
    "nom": "Floyd Landis",
    "equipe": "Big Farma",
    "temps": "16:47:17",
    "ecart": "+16'20",
    "joueur": "mcohara"
  },
  {
    "position": 31,
    "nom": "Fourme Dambert",
    "equipe": "Team Claquos",
    "temps": "16:50:42",
    "ecart": "+19'45"
  },
  {
    "position": 32,
    "nom": "Gilberto Simoni",
    "equipe": "Saunier Duval",
    "temps": "16:51:03",
    "ecart": "+20'06"
  },
  {
    "position": 33,
    "nom": "Saint Nectaire",
    "equipe": "Team Claquos",
    "temps": "16:51:31",
    "ecart": "+20'34"
  },
  {
    "position": 34,
    "nom": "Tyler Hamilton",
    "equipe": "Big Farma",
    "temps": "16:54:52",
    "ecart": "+23'55",
    "joueur": "mcohara"
  },
  {
    "position": 35,
    "nom": "Ra Chelle",
    "equipe": "UCPSPA",
    "temps": "16:54:52",
    "ecart": "+23'55"
  },
  {
    "position": 36,
    "nom": "Raymond Gold",
    "equipe": "Good Cheese",
    "temps": "16:54:58",
    "ecart": "+24'01"
  },
  {
    "position": 37,
    "nom": "Wiesel Burger",
    "equipe": "Österreichisches Bier",
    "temps": "16:57:56",
    "ecart": "+26'59"
  },
  {
    "position": 38,
    "nom": "Gou Da",
    "equipe": "Team Gouda",
    "temps": "16:58:00",
    "ecart": "+27'03"
  },
  {
    "position": 39,
    "nom": "Ay Dam",
    "equipe": "Team Gouda",
    "temps": "16:58:05",
    "ecart": "+27'08"
  },
  {
    "position": 40,
    "nom": "K Kamaro",
    "equipe": "RnB de Rue",
    "temps": "16:59:20",
    "ecart": "+28'23",
    "joueur": "Tefouine"
  },
  {
    "position": 41,
    "nom": "Matt Pokora",
    "equipe": "RnB de Rue",
    "temps": "17:00:32",
    "ecart": "+29'35",
    "joueur": "Tefouine"
  },
  {
    "position": 42,
    "nom": "Hans Hopfen",
    "equipe": "Bier Brigade",
    "temps": "17:01:53",
    "ecart": "+30'56",
    "joueur": "Bismuth"
  },
  {
    "position": 43,
    "nom": "Robert de la Bergerie",
    "equipe": "UCPSPA",
    "temps": "17:02:17",
    "ecart": "+31'20"
  },
  {
    "position": 44,
    "nom": "Francesco Casagrande",
    "equipe": "Saunier Duval",
    "temps": "17:02:39",
    "ecart": "+31'42"
  },
  {
    "position": 45,
    "nom": "Luc Tenfré",
    "equipe": "Frisquet",
    "temps": "17:03:08",
    "ecart": "+32'11"
  },
  {
    "position": 46,
    "nom": "Damiano Cunego",
    "equipe": "Saunier Duval",
    "temps": "17:03:55",
    "ecart": "+32'58"
  },
  {
    "position": 47,
    "nom": "Bruno Krombacher",
    "equipe": "Bier Brigade",
    "temps": "17:04:26",
    "ecart": "+33'29",
    "joueur": "Bismuth"
  },
  {
    "position": 48,
    "nom": "Marco Pantani",
    "equipe": "Big Farma",
    "temps": "17:04:39",
    "ecart": "+33'42",
    "joueur": "mcohara"
  },
  {
    "position": 49,
    "nom": "Naruto Uzumaki",
    "equipe": "Daikin",
    "temps": "17:05:08",
    "ecart": "+34'11"
  },
  {
    "position": 50,
    "nom": "Yves Gêle",
    "equipe": "Frisquet",
    "temps": "17:05:47",
    "ecart": "+34'50"
  },
  {
    "position": 51,
    "nom": "Marion Jones",
    "equipe": "Doping",
    "temps": "17:06:52",
    "ecart": "+35'55"
  },
  {
    "position": 52,
    "nom": "Otto Krug",
    "equipe": "Bier Brigade",
    "temps": "17:08:53",
    "ecart": "+37'56",
    "joueur": "Bismuth"
  },
  {
    "position": 53,
    "nom": "Bernard Hinault",
    "equipe": "Froooonce",
    "temps": "17:09:26",
    "ecart": "+38'29",
    "joueur": "RicH33"
  },
  {
    "position": 54,
    "nom": "Doc Gyneco",
    "equipe": "RnB de Rue",
    "temps": "17:09:32",
    "ecart": "+38'35",
    "joueur": "Tefouine"
  },
  {
    "position": 55,
    "nom": "Alessandro Ballan",
    "equipe": "Saunier Duval",
    "temps": "17:09:38",
    "ecart": "+38'41"
  },
  {
    "position": 56,
    "nom": "Michael Rasmussen",
    "equipe": "Big Farma",
    "temps": "17:10:41",
    "ecart": "+39'44",
    "joueur": "mcohara"
  },
  {
    "position": 57,
    "nom": "Thomas Voeckler",
    "equipe": "Froooonce",
    "temps": "17:12:00",
    "ecart": "+41'03",
    "joueur": "RicH33"
  },
  {
    "position": 58,
    "nom": "Snoop Dog",
    "equipe": "Weed",
    "temps": "17:16:48",
    "ecart": "+45'51"
  },
  {
    "position": 59,
    "nom": "Wiz Khalifa",
    "equipe": "Weed",
    "temps": "17:17:15",
    "ecart": "+46'18"
  },
  {
    "position": 60,
    "nom": "Henoc Beausejour",
    "equipe": "Gangster and Gentleman",
    "temps": "17:19:45",
    "ecart": "+48'48"
  },
  {
    "position": 61,
    "nom": "Grinne Dgeu",
    "equipe": "Rap Street Boys",
    "temps": "17:19:46",
    "ecart": "+48'49"
  },
  {
    "position": 62,
    "nom": "Maas Dam",
    "equipe": "Team Gouda",
    "temps": "17:20:08",
    "ecart": "+49'11"
  },
  {
    "position": 63,
    "nom": "Max Weizen",
    "equipe": "Bier Brigade",
    "temps": "17:20:09",
    "ecart": "+49'12",
    "joueur": "Bismuth"
  },
  {
    "position": 64,
    "nom": "Bob Marley",
    "equipe": "Weed",
    "temps": "17:20:36",
    "ecart": "+49'39"
  },
  {
    "position": 65,
    "nom": "Alessandro Petacchi",
    "equipe": "Saunier Duval",
    "temps": "17:21:15",
    "ecart": "+50'18"
  },
  {
    "position": 66,
    "nom": "Kanye West",
    "equipe": "Weed",
    "temps": "17:21:30",
    "ecart": "+50'33"
  },
  {
    "position": 67,
    "nom": "Pierre Palmade",
    "equipe": "Over Dose Racing",
    "temps": "17:22:31",
    "ecart": "+51'34"
  },
  {
    "position": 68,
    "nom": "Bob Lacroute",
    "equipe": "Good Cheese",
    "temps": "17:22:39",
    "ecart": "+51'42"
  },
  {
    "position": 69,
    "nom": "Ferme Laporte",
    "equipe": "Frisquet",
    "temps": "17:23:16",
    "ecart": "+52'19"
  },
  {
    "position": 70,
    "nom": "Maitre Gims",
    "equipe": "Rap Street Boys",
    "temps": "17:24:05",
    "ecart": "+53'08"
  },
  {
    "position": 71,
    "nom": "Yves Voncrevay",
    "equipe": "Gangster and Gentleman",
    "temps": "17:24:33",
    "ecart": "+53'36"
  },
  {
    "position": 72,
    "nom": "Nippon Nimove",
    "equipe": "Daikin",
    "temps": "17:26:11",
    "ecart": "+55'14"
  },
  {
    "position": 73,
    "nom": "Van Sifer",
    "equipe": "Viesmann",
    "temps": "17:27:05",
    "ecart": "+56'08"
  },
  {
    "position": 74,
    "nom": "Elon Musk",
    "equipe": "Over Dose Racing",
    "temps": "17:27:29",
    "ecart": "+56'32"
  },
  {
    "position": 75,
    "nom": "Ki Inimod",
    "equipe": "Gangster and Gentleman",
    "temps": "17:27:31",
    "ecart": "+56'34"
  },
  {
    "position": 76,
    "nom": "Am Stel",
    "equipe": "Nederlands Bier",
    "temps": "17:28:33",
    "ecart": "+57'36"
  },
  {
    "position": 77,
    "nom": "Stra Chino",
    "equipe": "Team Burrata",
    "temps": "17:28:56",
    "ecart": "+57'59"
  },
  {
    "position": 78,
    "nom": "Vinz Cent",
    "equipe": "UCPSPA",
    "temps": "17:29:12",
    "ecart": "+58'15"
  },
  {
    "position": 79,
    "nom": "Kar Rate",
    "equipe": "Daikin",
    "temps": "17:29:27",
    "ecart": "+58'30"
  },
  {
    "position": 80,
    "nom": "Pico Don",
    "equipe": "Team Claquos",
    "temps": "17:33:49",
    "ecart": "+1:02'52"
  },
  {
    "position": 81,
    "nom": "Gey Zer",
    "equipe": "Viesmann",
    "temps": "17:34:11",
    "ecart": "+1:03'14"
  },
  {
    "position": 82,
    "nom": "John Lennon",
    "equipe": "Weed",
    "temps": "17:35:32",
    "ecart": "+1:04'35"
  },
  {
    "position": 83,
    "nom": "Ice Cube",
    "equipe": "Weed",
    "temps": "17:35:54",
    "ecart": "+1:04'57"
  },
  {
    "position": 84,
    "nom": "Aurel San",
    "equipe": "Rap Street Boys",
    "temps": "17:37:10",
    "ecart": "+1:06'13"
  },
  {
    "position": 85,
    "nom": "Brie de Meaux",
    "equipe": "Team Claquos",
    "temps": "17:37:14",
    "ecart": "+1:06'17"
  },
  {
    "position": 86,
    "nom": "Geraint Tomasse",
    "equipe": "Suceurs 2 Roues",
    "temps": "17:37:27",
    "ecart": "+1:06'30"
  },
  {
    "position": 87,
    "nom": "Jupi Ler",
    "equipe": "Belgisch Bier",
    "temps": "17:40:20",
    "ecart": "+1:09'23"
  },
  {
    "position": 88,
    "nom": "Vianney Pangrazy",
    "equipe": "Team Alençon",
    "temps": "17:40:22",
    "ecart": "+1:09'25"
  },
  {
    "position": 89,
    "nom": "Brillat Savarin",
    "equipe": "Team Claquos",
    "temps": "17:40:53",
    "ecart": "+1:09'56"
  },
  {
    "position": 90,
    "nom": "Jan Ullrich",
    "equipe": "Suceurs 2 Roues",
    "temps": "17:41:09",
    "ecart": "+1:10'12"
  },
  {
    "position": 91,
    "nom": "Tonton Graillou",
    "equipe": "Team Alençon",
    "temps": "17:41:19",
    "ecart": "+1:10'22"
  },
  {
    "position": 92,
    "nom": "Gilbert Lainé",
    "equipe": "Team Alençon",
    "temps": "17:41:30",
    "ecart": "+1:10'33"
  },
  {
    "position": 93,
    "nom": "Guivarch Kiri",
    "equipe": "Good Cheese",
    "temps": "17:42:33",
    "ecart": "+1:11'36"
  },
  {
    "position": 94,
    "nom": "Joseba Beloki",
    "equipe": "Suceurs 2 Roues",
    "temps": "17:43:09",
    "ecart": "+1:12'12"
  },
  {
    "position": 95,
    "nom": "Amande Ine",
    "equipe": "UCPSPA",
    "temps": "17:43:18",
    "ecart": "+1:12'21"
  },
  {
    "position": 96,
    "nom": "Raymond Poulidor",
    "equipe": "Froooonce",
    "temps": "17:43:54",
    "ecart": "+1:12'57",
    "joueur": "RicH33"
  },
  {
    "position": 97,
    "nom": "Al Libi",
    "equipe": "Gangster and Gentleman",
    "temps": "17:44:20",
    "ecart": "+1:13'23"
  },
  {
    "position": 98,
    "nom": "Ughes Goboss",
    "equipe": "Gangster and Gentleman",
    "temps": "17:44:20",
    "ecart": "+1:13'23"
  },
  {
    "position": 99,
    "nom": "Goudebananece Beaujolais",
    "equipe": "20 Rouge",
    "temps": "17:45:12",
    "ecart": "+1:14'15"
  },
  {
    "position": 100,
    "nom": "Therm Hostat",
    "equipe": "Viesmann",
    "temps": "17:45:27",
    "ecart": "+1:14'30"
  },
  {
    "position": 101,
    "nom": "Saint Emilion",
    "equipe": "20 Rouge",
    "temps": "17:45:56",
    "ecart": "+1:14'59"
  },
  {
    "position": 102,
    "nom": "Bradley Wiggins",
    "equipe": "Suceurs 2 Roues",
    "temps": "17:46:22",
    "ecart": "+1:15'25"
  },
  {
    "position": 103,
    "nom": "Blue Fort",
    "equipe": "Team Gouda",
    "temps": "17:46:25",
    "ecart": "+1:15'28"
  },
  {
    "position": 104,
    "nom": "Grim Bergen",
    "equipe": "Belgisch Bier",
    "temps": "17:46:47",
    "ecart": "+1:15'50"
  },
  {
    "position": 105,
    "nom": "Rez Iztense",
    "equipe": "Viesmann",
    "temps": "17:46:52",
    "ecart": "+1:15'55"
  },
  {
    "position": 106,
    "nom": "Shin Kansen",
    "equipe": "Daikin",
    "temps": "17:47:41",
    "ecart": "+1:16'44"
  },
  {
    "position": 107,
    "nom": "Trumer Pils",
    "equipe": "Österreichisches Bier",
    "temps": "17:48:02",
    "ecart": "+1:17'05"
  },
  {
    "position": 108,
    "nom": "Laurent Jalabert",
    "equipe": "Froooonce",
    "temps": "17:48:36",
    "ecart": "+1:17'39",
    "joueur": "RicH33"
  },
  {
    "position": 109,
    "nom": "Lalande De Pomerol",
    "equipe": "20 Rouge",
    "temps": "17:48:49",
    "ecart": "+1:17'52"
  },
  {
    "position": 110,
    "nom": "Sashi Mi",
    "equipe": "Daikin",
    "temps": "17:49:25",
    "ecart": "+1:18'28"
  },
  {
    "position": 111,
    "nom": "Jonas Vingegarde",
    "equipe": "Suceurs 2 Roues",
    "temps": "17:49:31",
    "ecart": "+1:18'34"
  },
  {
    "position": 112,
    "nom": "Gorgone Zola",
    "equipe": "Team Burrata",
    "temps": "17:50:15",
    "ecart": "+1:19'18"
  },
  {
    "position": 113,
    "nom": "Zip Fer",
    "equipe": "Österreichisches Bier",
    "temps": "17:50:32",
    "ecart": "+1:19'35"
  },
  {
    "position": 114,
    "nom": "Crozés Hermitage",
    "equipe": "20 Rouge",
    "temps": "17:50:41",
    "ecart": "+1:19'44"
  },
  {
    "position": 115,
    "nom": "Linde Boom",
    "equipe": "Nederlands Bier",
    "temps": "17:52:25",
    "ecart": "+1:21'28"
  },
  {
    "position": 116,
    "nom": "Romain Blochon",
    "equipe": "Good Cheese",
    "temps": "17:52:30",
    "ecart": "+1:21'33"
  },
  {
    "position": 117,
    "nom": "Hubert Savary de Beauregard",
    "equipe": "Team Alençon",
    "temps": "17:52:50",
    "ecart": "+1:21'53"
  },
  {
    "position": 118,
    "nom": "Kaiser Bier",
    "equipe": "Österreichisches Bier",
    "temps": "17:53:18",
    "ecart": "+1:22'21"
  },
  {
    "position": 119,
    "nom": "Stella Artois",
    "equipe": "Belgisch Bier",
    "temps": "17:54:20",
    "ecart": "+1:23'23"
  },
  {
    "position": 120,
    "nom": "Gilles Tarot",
    "equipe": "Team Alençon",
    "temps": "17:54:39",
    "ecart": "+1:23'42"
  },
  {
    "position": 121,
    "nom": "Lef Fe",
    "equipe": "Belgisch Bier",
    "temps": "17:54:51",
    "ecart": "+1:23'54"
  },
  {
    "position": 122,
    "nom": "Tom Desbauges",
    "equipe": "Good Cheese",
    "temps": "17:55:15",
    "ecart": "+1:24'18"
  },
  {
    "position": 123,
    "nom": "Punti Gamer",
    "equipe": "Österreichisches Bier",
    "temps": "17:55:40",
    "ecart": "+1:24'43"
  },
  {
    "position": 124,
    "nom": "Mobb Infamous",
    "equipe": "Gangster and Gentleman",
    "temps": "17:55:40",
    "ecart": "+1:24'43"
  },
  {
    "position": 125,
    "nom": "Ben Johnson",
    "equipe": "Doping",
    "temps": "17:55:49",
    "ecart": "+1:24'52"
  },
  {
    "position": 126,
    "nom": "Göss Her",
    "equipe": "Österreichisches Bier",
    "temps": "17:56:39",
    "ecart": "+1:25'42"
  },
  {
    "position": 127,
    "nom": "Robin Aitery",
    "equipe": "Frisquet",
    "temps": "17:57:16",
    "ecart": "+1:26'19"
  },
  {
    "position": 128,
    "nom": "Tim Montgomery",
    "equipe": "Doping",
    "temps": "17:57:17",
    "ecart": "+1:26'20"
  },
  {
    "position": 129,
    "nom": "Moincinq Degré",
    "equipe": "Frisquet",
    "temps": "17:57:25",
    "ecart": "+1:26'28"
  },
  {
    "position": 130,
    "nom": "Jan Hertog",
    "equipe": "Nederlands Bier",
    "temps": "17:57:31",
    "ecart": "+1:26'34"
  },
  {
    "position": 131,
    "nom": "Mozza Rella",
    "equipe": "Team Burrata",
    "temps": "17:57:39",
    "ecart": "+1:26'42"
  },
  {
    "position": 132,
    "nom": "Parmi Giano",
    "equipe": "Team Burrata",
    "temps": "17:58:20",
    "ecart": "+1:27'23"
  },
  {
    "position": 133,
    "nom": "Fabio Aroue",
    "equipe": "Suceurs 2 Roues",
    "temps": "17:58:57",
    "ecart": "+1:28'00"
  },
  {
    "position": 134,
    "nom": "Moos Tache",
    "equipe": "UCPSPA",
    "temps": "17:58:58",
    "ecart": "+1:28'01"
  },
  {
    "position": 135,
    "nom": "Ba Varia",
    "equipe": "Nederlands Bier",
    "temps": "17:59:04",
    "ecart": "+1:28'07"
  },
  {
    "position": 136,
    "nom": "Ley Den",
    "equipe": "Team Gouda",
    "temps": "17:59:11",
    "ecart": "+1:28'14"
  },
  {
    "position": 137,
    "nom": "Ma Roilles",
    "equipe": "Team Claquos",
    "temps": "17:59:33",
    "ecart": "+1:28'36"
  },
  {
    "position": 138,
    "nom": "Joël Givré",
    "equipe": "Frisquet",
    "temps": "17:59:43",
    "ecart": "+1:28'46"
  },
  {
    "position": 139,
    "nom": "Yves Caille",
    "equipe": "Frisquet",
    "temps": "17:59:59",
    "ecart": "+1:29'02"
  },
  {
    "position": 140,
    "nom": "Nicolas De Bourgueil",
    "equipe": "20 Rouge",
    "temps": "18:00:11",
    "ecart": "+1:29'14"
  },
  {
    "position": 141,
    "nom": "Black Aime",
    "equipe": "Rap Street Boys",
    "temps": "18:00:22",
    "ecart": "+1:29'25"
  },
  {
    "position": 142,
    "nom": "Diego Maradona",
    "equipe": "Doping",
    "temps": "18:00:49",
    "ecart": "+1:29'52"
  },
  {
    "position": 143,
    "nom": "Cazu Martzu",
    "equipe": "Team Burrata",
    "temps": "18:00:54",
    "ecart": "+1:29'57"
  },
  {
    "position": 144,
    "nom": "Oudgard Den",
    "equipe": "Belgisch Bier",
    "temps": "18:01:03",
    "ecart": "+1:30'06"
  },
  {
    "position": 145,
    "nom": "Hiro Shima",
    "equipe": "Daikin",
    "temps": "18:01:29",
    "ecart": "+1:30'32"
  },
  {
    "position": 146,
    "nom": "Fort Pommard",
    "equipe": "20 Rouge",
    "temps": "18:01:33",
    "ecart": "+1:30'36"
  },
  {
    "position": 147,
    "nom": "Ra Aekwon",
    "equipe": "Gangster and Gentleman",
    "temps": "18:01:39",
    "ecart": "+1:30'42"
  },
  {
    "position": 148,
    "nom": "Heine Ken",
    "equipe": "Nederlands Bier",
    "temps": "18:01:52",
    "ecart": "+1:30'55"
  },
  {
    "position": 149,
    "nom": "Hirt Herbier",
    "equipe": "Österreichisches Bier",
    "temps": "18:02:24",
    "ecart": "+1:31'27"
  },
  {
    "position": 150,
    "nom": "Oedipus Brewing",
    "equipe": "Nederlands Bier",
    "temps": "18:03:00",
    "ecart": "+1:32'03"
  },
  {
    "position": 151,
    "nom": "Leer Dammer",
    "equipe": "Team Gouda",
    "temps": "18:03:21",
    "ecart": "+1:32'24"
  },
  {
    "position": 152,
    "nom": "Tom Simpson",
    "equipe": "Doping",
    "temps": "18:03:23",
    "ecart": "+1:32'26"
  },
  {
    "position": 153,
    "nom": "Piti Chou",
    "equipe": "Team Alençon",
    "temps": "18:03:30",
    "ecart": "+1:32'33"
  },
  {
    "position": 154,
    "nom": "Taka Tire",
    "equipe": "Daikin",
    "temps": "18:03:57",
    "ecart": "+1:33'00"
  },
  {
    "position": 155,
    "nom": "Kom Paan",
    "equipe": "Nederlands Bier",
    "temps": "18:04:11",
    "ecart": "+1:33'14"
  },
  {
    "position": 156,
    "nom": "Bank Ize",
    "equipe": "Frisquet",
    "temps": "18:04:18",
    "ecart": "+1:33'21"
  },
  {
    "position": 157,
    "nom": "Carl Lewis",
    "equipe": "Doping",
    "temps": "18:04:40",
    "ecart": "+1:33'43"
  },
  {
    "position": 158,
    "nom": "Rico Ta",
    "equipe": "Team Burrata",
    "temps": "18:04:46",
    "ecart": "+1:33'49"
  },
  {
    "position": 159,
    "nom": "West Malle",
    "equipe": "Belgisch Bier",
    "temps": "18:05:32",
    "ecart": "+1:34'35"
  },
  {
    "position": 160,
    "nom": "Geiten Kaas",
    "equipe": "Team Gouda",
    "temps": "18:05:44",
    "ecart": "+1:34'47"
  },
  {
    "position": 161,
    "nom": "Erik Zabel",
    "equipe": "Big Farma",
    "temps": "18:06:28",
    "ecart": "+1:35'31",
    "joueur": "mcohara"
  },
  {
    "position": 162,
    "nom": "Stro Mae",
    "equipe": "Rap Street Boys",
    "temps": "18:06:37",
    "ecart": "+1:35'40"
  },
  {
    "position": 163,
    "nom": "Leo Pompasse",
    "equipe": "UCPSPA",
    "temps": "18:06:40",
    "ecart": "+1:35'43"
  },
  {
    "position": 164,
    "nom": "Jean-Luc Delarue",
    "equipe": "Over Dose Racing",
    "temps": "18:06:41",
    "ecart": "+1:35'44"
  },
  {
    "position": 165,
    "nom": "Jean-Claude Van Damme",
    "equipe": "Over Dose Racing",
    "temps": "18:06:41",
    "ecart": "+1:35'44"
  },
  {
    "position": 166,
    "nom": "Samy Naceri",
    "equipe": "Over Dose Racing",
    "temps": "18:08:24",
    "ecart": "+1:37'27"
  },
  {
    "position": 167,
    "nom": "Djou Houle",
    "equipe": "Rap Street Boys",
    "temps": "18:08:39",
    "ecart": "+1:37'42"
  },
  {
    "position": 168,
    "nom": "Al Kpote",
    "equipe": "Gangster and Gentleman",
    "temps": "18:08:54",
    "ecart": "+1:37'57"
  },
  {
    "position": 169,
    "nom": "Thierry Ardisson",
    "equipe": "Over Dose Racing",
    "temps": "18:09:16",
    "ecart": "+1:38'19"
  },
  {
    "position": 170,
    "nom": "Zun Dert",
    "equipe": "Nederlands Bier",
    "temps": "18:09:37",
    "ecart": "+1:38'40"
  },
  {
    "position": 171,
    "nom": "Fri Son",
    "equipe": "Team Gouda",
    "temps": "18:09:37",
    "ecart": "+1:38'40"
  },
  {
    "position": 172,
    "nom": "So Prano",
    "equipe": "Rap Street Boys",
    "temps": "18:09:44",
    "ecart": "+1:38'47"
  },
  {
    "position": 173,
    "nom": "Mascare Pone",
    "equipe": "Team Burrata",
    "temps": "18:10:18",
    "ecart": "+1:39'21"
  },
  {
    "position": 174,
    "nom": "Johnny Hallyday",
    "equipe": "Over Dose Racing",
    "temps": "18:10:39",
    "ecart": "+1:39'42"
  },
  {
    "position": 175,
    "nom": "Peco Rino",
    "equipe": "Team Burrata",
    "temps": "18:11:45",
    "ecart": "+1:40'48"
  },
  {
    "position": 176,
    "nom": "Kami Kaze",
    "equipe": "Daikin",
    "temps": "18:11:52",
    "ecart": "+1:40'55"
  },
  {
    "position": 177,
    "nom": "Affli Gem",
    "equipe": "Belgisch Bier",
    "temps": "18:11:59",
    "ecart": "+1:41'02"
  },
  {
    "position": 178,
    "nom": "Lambrusco Prosecco",
    "equipe": "20 Rouge",
    "temps": "18:12:09",
    "ecart": "+1:41'12"
  },
  {
    "position": 179,
    "nom": "Chikun Gunya",
    "equipe": "Team Alençon",
    "temps": "18:12:21",
    "ecart": "+1:41'24"
  },
  {
    "position": 180,
    "nom": "Johan Museeuw",
    "equipe": "Big Farma",
    "temps": "18:12:49",
    "ecart": "+1:41'52",
    "joueur": "mcohara"
  },
  {
    "position": 181,
    "nom": "Steven Kruijswijuijswijk",
    "equipe": "Suceurs 2 Roues",
    "temps": "18:13:54",
    "ecart": "+1:42'57"
  },
  {
    "position": 182,
    "nom": "Rigoberto Ouran",
    "equipe": "Suceurs 2 Roues",
    "temps": "18:16:43",
    "ecart": "+1:45'46"
  },
  {
    "position": 183,
    "nom": "Hess Céhache",
    "equipe": "Rap Street Boys",
    "temps": "18:17:48",
    "ecart": "+1:46'51"
  },
  {
    "position": 184,
    "nom": "Al Bane",
    "equipe": "UCPSPA",
    "temps": "18:18:09",
    "ecart": "+1:47'12"
  },
  {
    "position": 185,
    "nom": "Frédéric Beigbedder",
    "equipe": "Over Dose Racing",
    "temps": "18:18:49",
    "ecart": "+1:47'52"
  },
  {
    "position": 186,
    "nom": "Jay Z",
    "equipe": "Weed",
    "temps": "18:19:18",
    "ecart": "+1:48'21"
  },
  {
    "position": 187,
    "nom": "David Desnos",
    "equipe": "Team Alençon",
    "temps": "18:21:01",
    "ecart": "+1:50'04"
  },
  {
    "position": 188,
    "nom": "Dra Ke",
    "equipe": "Weed",
    "temps": "18:22:21",
    "ecart": "+1:51'24"
  },
  {
    "position": 189,
    "nom": "Sun Yang",
    "equipe": "Doping",
    "temps": "18:24:42",
    "ecart": "+1:53'45"
  },
  {
    "position": 190,
    "nom": "Delirium Tremens",
    "equipe": "Belgisch Bier",
    "temps": "18:29:04",
    "ecart": "+1:58'07"
  },
  {
    "position": 191,
    "nom": "Maurice Greene",
    "equipe": "Doping",
    "temps": "18:32:15",
    "ecart": "+2:01'18"
  },
  {
    "position": 192,
    "nom": "Muscat Rivesaltes",
    "equipe": "20 Rouge",
    "temps": "18:38:23",
    "ecart": "+2:07'26"
  }
]