[
  {
    "position": 1,
    "nom": "Nippon Nimove",
    "equipe": "Daikin",
    "temps": "06:04:42",
    "ecart": "Leader"
  },
  {
    "position": 2,
    "nom": "Uwe Pilsner",
    "equipe": "Bier Brigade",
    "temps": "06:05:12",
    "ecart": "+0'30",
    "joueur": "Bismuth"
  },
  {
    "position": 3,
    "nom": "Miguel Indurain",
    "equipe": "Big Farma",
    "temps": "06:05:28",
    "ecart": "+0'46",
    "joueur": "mcohara"
  },
  {
    "position": 4,
    "nom": "Justin Bieber",
    "equipe": "RnB de Rue",
    "temps": "06:05:46",
    "ecart": "+1'04",
    "joueur": "Tefouine"
  },
  {
    "position": 5,
    "nom": "Matt Houston",
    "equipe": "RnB de Rue",
    "temps": "06:05:49",
    "ecart": "+1'07",
    "joueur": "Tefouine"
  },
  {
    "position": 6,
    "nom": "Michael Rasmussen",
    "equipe": "Big Farma",
    "temps": "06:06:11",
    "ecart": "+1'29",
    "joueur": "mcohara"
  },
  {
    "position": 7,
    "nom": "Otta Kringer",
    "equipe": "Österreichisches Bier",
    "temps": "06:06:22",
    "ecart": "+1'40"
  },
  {
    "position": 8,
    "nom": "Matt Pokora",
    "equipe": "RnB de Rue",
    "temps": "06:06:24",
    "ecart": "+1'42",
    "joueur": "Tefouine"
  },
  {
    "position": 9,
    "nom": "Bob Lacroute",
    "equipe": "Good Cheese",
    "temps": "06:06:27",
    "ecart": "+1'45"
  },
  {
    "position": 10,
    "nom": "Lance Armstrong",
    "equipe": "Big Farma",
    "temps": "06:06:31",
    "ecart": "+1'49",
    "joueur": "mcohara"
  },
  {
    "position": 11,
    "nom": "Willy Denzey",
    "equipe": "RnB de Rue",
    "temps": "06:06:33",
    "ecart": "+1'51",
    "joueur": "Tefouine"
  },
  {
    "position": 12,
    "nom": "Francesco Casagrande",
    "equipe": "Saunier Duval",
    "temps": "06:06:34",
    "ecart": "+1'52"
  },
  {
    "position": 13,
    "nom": "N'golo Comté",
    "equipe": "Good Cheese",
    "temps": "06:06:39",
    "ecart": "+1'57"
  },
  {
    "position": 14,
    "nom": "Max Weizen",
    "equipe": "Bier Brigade",
    "temps": "06:06:41",
    "ecart": "+1'59",
    "joueur": "Bismuth"
  },
  {
    "position": 15,
    "nom": "Dario Frigo",
    "equipe": "Saunier Duval",
    "temps": "06:06:45",
    "ecart": "+2'03"
  },
  {
    "position": 16,
    "nom": "Duncan Coillotte",
    "equipe": "Good Cheese",
    "temps": "06:06:45",
    "ecart": "+2'03"
  },
  {
    "position": 17,
    "nom": "Richard Virenque",
    "equipe": "Froooonce",
    "temps": "06:06:52",
    "ecart": "+2'10",
    "joueur": "RicH33"
  },
  {
    "position": 18,
    "nom": "Mi Loud",
    "equipe": "UCPSPA",
    "temps": "06:06:56",
    "ecart": "+2'14"
  },
  {
    "position": 19,
    "nom": "Alessandro Ballan",
    "equipe": "Saunier Duval",
    "temps": "06:06:57",
    "ecart": "+2'15"
  },
  {
    "position": 20,
    "nom": "Riccardo Ricco",
    "equipe": "Saunier Duval",
    "temps": "06:07:03",
    "ecart": "+2'21"
  },
  {
    "position": 21,
    "nom": "Cam Ambert",
    "equipe": "Team Claquos",
    "temps": "06:07:10",
    "ecart": "+2'28"
  },
  {
    "position": 22,
    "nom": "Otto Krug",
    "equipe": "Bier Brigade",
    "temps": "06:07:10",
    "ecart": "+2'28",
    "joueur": "Bismuth"
  },
  {
    "position": 23,
    "nom": "Clim Atizer",
    "equipe": "Viesmann",
    "temps": "06:07:18",
    "ecart": "+2'36"
  },
  {
    "position": 24,
    "nom": "Doc Gyneco",
    "equipe": "RnB de Rue",
    "temps": "06:07:31",
    "ecart": "+2'49",
    "joueur": "Tefouine"
  },
  {
    "position": 25,
    "nom": "Danilo Di Luca",
    "equipe": "Saunier Duval",
    "temps": "06:07:31",
    "ecart": "+2'49"
  },
  {
    "position": 26,
    "nom": "Fourme Dambert",
    "equipe": "Team Claquos",
    "temps": "06:07:43",
    "ecart": "+3'01"
  },
  {
    "position": 27,
    "nom": "Raymond Poulidor",
    "equipe": "Froooonce",
    "temps": "06:07:53",
    "ecart": "+3'11",
    "joueur": "RicH33"
  },
  {
    "position": 28,
    "nom": "Dieter Bitburger",
    "equipe": "Bier Brigade",
    "temps": "06:08:02",
    "ecart": "+3'20",
    "joueur": "Bismuth"
  },
  {
    "position": 29,
    "nom": "Karl Beck",
    "equipe": "Bier Brigade",
    "temps": "06:08:09",
    "ecart": "+3'27",
    "joueur": "Bismuth"
  },
  {
    "position": 30,
    "nom": "K Kamaro",
    "equipe": "RnB de Rue",
    "temps": "06:08:10",
    "ecart": "+3'28",
    "joueur": "Tefouine"
  },
  {
    "position": 31,
    "nom": "Tyler Hamilton",
    "equipe": "Big Farma",
    "temps": "06:08:15",
    "ecart": "+3'33",
    "joueur": "mcohara"
  },
  {
    "position": 32,
    "nom": "Mangetes Morbier",
    "equipe": "Good Cheese",
    "temps": "06:08:18",
    "ecart": "+3'36"
  },
  {
    "position": 33,
    "nom": "Bernard Hinault",
    "equipe": "Froooonce",
    "temps": "06:08:22",
    "ecart": "+3'40",
    "joueur": "RicH33"
  },
  {
    "position": 34,
    "nom": "Fritz Fass",
    "equipe": "Bier Brigade",
    "temps": "06:08:25",
    "ecart": "+3'43",
    "joueur": "Bismuth"
  },
  {
    "position": 35,
    "nom": "Kal Orifer",
    "equipe": "Viesmann",
    "temps": "06:08:43",
    "ecart": "+4'01"
  },
  {
    "position": 36,
    "nom": "Gilberto Simoni",
    "equipe": "Saunier Duval",
    "temps": "06:08:43",
    "ecart": "+4'01"
  },
  {
    "position": 37,
    "nom": "Julian Alaphilippe",
    "equipe": "Froooonce",
    "temps": "06:08:54",
    "ecart": "+4'12",
    "joueur": "RicH33"
  },
  {
    "position": 38,
    "nom": "Blue Fort",
    "equipe": "Team Gouda",
    "temps": "06:08:58",
    "ecart": "+4'16"
  },
  {
    "position": 39,
    "nom": "B Passi",
    "equipe": "RnB de Rue",
    "temps": "06:08:58",
    "ecart": "+4'16",
    "joueur": "Tefouine"
  },
  {
    "position": 40,
    "nom": "Otto Clave",
    "equipe": "Viesmann",
    "temps": "06:08:59",
    "ecart": "+4'17"
  },
  {
    "position": 41,
    "nom": "Boil Her",
    "equipe": "Viesmann",
    "temps": "06:09:03",
    "ecart": "+4'21"
  },
  {
    "position": 42,
    "nom": "Tom Desbauges",
    "equipe": "Good Cheese",
    "temps": "06:09:06",
    "ecart": "+4'24"
  },
  {
    "position": 43,
    "nom": "Roch Fort",
    "equipe": "Team Claquos",
    "temps": "06:09:08",
    "ecart": "+4'26"
  },
  {
    "position": 44,
    "nom": "Pico Don",
    "equipe": "Team Claquos",
    "temps": "06:09:38",
    "ecart": "+4'56"
  },
  {
    "position": 45,
    "nom": "Shin Kansen",
    "equipe": "Daikin",
    "temps": "06:09:45",
    "ecart": "+5'03"
  },
  {
    "position": 46,
    "nom": "Ughes Goboss",
    "equipe": "Gangster and Gentleman",
    "temps": "06:10:17",
    "ecart": "+5'35"
  },
  {
    "position": 47,
    "nom": "G Calo",
    "equipe": "RnB de Rue",
    "temps": "06:10:22",
    "ecart": "+5'40",
    "joueur": "Tefouine"
  },
  {
    "position": 48,
    "nom": "Saint Nectaire",
    "equipe": "Team Claquos",
    "temps": "06:10:28",
    "ecart": "+5'46"
  },
  {
    "position": 49,
    "nom": "Gou Da",
    "equipe": "Team Gouda",
    "temps": "06:10:30",
    "ecart": "+5'48"
  },
  {
    "position": 50,
    "nom": "Raymond Gold",
    "equipe": "Good Cheese",
    "temps": "06:10:46",
    "ecart": "+6'04"
  },
  {
    "position": 51,
    "nom": "Al Libi",
    "equipe": "Gangster and Gentleman",
    "temps": "06:10:48",
    "ecart": "+6'06"
  },
  {
    "position": 52,
    "nom": "Robert de la Bergerie",
    "equipe": "UCPSPA",
    "temps": "06:11:06",
    "ecart": "+6'24"
  },
  {
    "position": 53,
    "nom": "Thibaut Pinot",
    "equipe": "Froooonce",
    "temps": "06:11:19",
    "ecart": "+6'37",
    "joueur": "RicH33"
  },
  {
    "position": 54,
    "nom": "Vinz Cent",
    "equipe": "UCPSPA",
    "temps": "06:11:20",
    "ecart": "+6'38"
  },
  {
    "position": 55,
    "nom": "Therm Hostat",
    "equipe": "Viesmann",
    "temps": "06:11:22",
    "ecart": "+6'40"
  },
  {
    "position": 56,
    "nom": "Wiesel Burger",
    "equipe": "Österreichisches Bier",
    "temps": "06:11:28",
    "ecart": "+6'46"
  },
  {
    "position": 57,
    "nom": "Damiano Cunego",
    "equipe": "Saunier Duval",
    "temps": "06:11:49",
    "ecart": "+7'07"
  },
  {
    "position": 58,
    "nom": "Laurent Jalabert",
    "equipe": "Froooonce",
    "temps": "06:12:30",
    "ecart": "+7'48",
    "joueur": "RicH33"
  },
  {
    "position": 59,
    "nom": "Thomas Voeckler",
    "equipe": "Froooonce",
    "temps": "06:12:45",
    "ecart": "+8'03",
    "joueur": "RicH33"
  },
  {
    "position": 60,
    "nom": "David Gaudu",
    "equipe": "Froooonce",
    "temps": "06:13:01",
    "ecart": "+8'19",
    "joueur": "RicH33"
  },
  {
    "position": 61,
    "nom": "Floyd Landis",
    "equipe": "Big Farma",
    "temps": "06:13:17",
    "ecart": "+8'35",
    "joueur": "mcohara"
  },
  {
    "position": 62,
    "nom": "Ra Chelle",
    "equipe": "UCPSPA",
    "temps": "06:14:06",
    "ecart": "+9'24"
  },
  {
    "position": 63,
    "nom": "Ra Aekwon",
    "equipe": "Gangster and Gentleman",
    "temps": "06:14:57",
    "ecart": "+10'15"
  },
  {
    "position": 64,
    "nom": "Hans Hopfen",
    "equipe": "Bier Brigade",
    "temps": "06:14:58",
    "ecart": "+10'16",
    "joueur": "Bismuth"
  },
  {
    "position": 65,
    "nom": "Amande Ine",
    "equipe": "UCPSPA",
    "temps": "06:15:00",
    "ecart": "+10'18"
  },
  {
    "position": 66,
    "nom": "Stra Chino",
    "equipe": "Team Burrata",
    "temps": "06:15:36",
    "ecart": "+10'54"
  },
  {
    "position": 67,
    "nom": "Yves Gêle",
    "equipe": "Frisquet",
    "temps": "06:15:54",
    "ecart": "+11'12"
  },
  {
    "position": 68,
    "nom": "Aurel San",
    "equipe": "Rap Street Boys",
    "temps": "06:15:56",
    "ecart": "+11'14"
  },
  {
    "position": 69,
    "nom": "Bruno Krombacher",
    "equipe": "Bier Brigade",
    "temps": "06:16:26",
    "ecart": "+11'44",
    "joueur": "Bismuth"
  },
  {
    "position": 70,
    "nom": "Ay Dam",
    "equipe": "Team Gouda",
    "temps": "06:17:08",
    "ecart": "+12'26"
  },
  {
    "position": 71,
    "nom": "Moos Tache",
    "equipe": "UCPSPA",
    "temps": "06:18:42",
    "ecart": "+14'00"
  },
  {
    "position": 72,
    "nom": "Grim Bergen",
    "equipe": "Belgisch Bier",
    "temps": "06:19:09",
    "ecart": "+14'27"
  },
  {
    "position": 73,
    "nom": "Jupi Ler",
    "equipe": "Belgisch Bier",
    "temps": "06:19:29",
    "ecart": "+14'47"
  },
  {
    "position": 74,
    "nom": "Tim Montgomery",
    "equipe": "Doping",
    "temps": "06:19:30",
    "ecart": "+14'48"
  },
  {
    "position": 75,
    "nom": "Vianney Pangrazy",
    "equipe": "Team Alençon",
    "temps": "06:19:37",
    "ecart": "+14'55"
  },
  {
    "position": 76,
    "nom": "Marion Jones",
    "equipe": "Doping",
    "temps": "06:19:40",
    "ecart": "+14'58"
  },
  {
    "position": 77,
    "nom": "Henoc Beausejour",
    "equipe": "Gangster and Gentleman",
    "temps": "06:19:52",
    "ecart": "+15'10"
  },
  {
    "position": 78,
    "nom": "Luc Tenfré",
    "equipe": "Frisquet",
    "temps": "06:19:54",
    "ecart": "+15'12"
  },
  {
    "position": 79,
    "nom": "Rico Ta",
    "equipe": "Team Burrata",
    "temps": "06:20:01",
    "ecart": "+15'19"
  },
  {
    "position": 80,
    "nom": "Cazu Martzu",
    "equipe": "Team Burrata",
    "temps": "06:20:13",
    "ecart": "+15'31"
  },
  {
    "position": 81,
    "nom": "Gilbert Lainé",
    "equipe": "Team Alençon",
    "temps": "06:20:28",
    "ecart": "+15'46"
  },
  {
    "position": 82,
    "nom": "Stella Artois",
    "equipe": "Belgisch Bier",
    "temps": "06:21:02",
    "ecart": "+16'20"
  },
  {
    "position": 83,
    "nom": "Moincinq Degré",
    "equipe": "Frisquet",
    "temps": "06:21:31",
    "ecart": "+16'49"
  },
  {
    "position": 84,
    "nom": "Goudebananece Beaujolais",
    "equipe": "20 Rouge",
    "temps": "06:21:35",
    "ecart": "+16'53"
  },
  {
    "position": 85,
    "nom": "Al Bane",
    "equipe": "UCPSPA",
    "temps": "06:21:36",
    "ecart": "+16'54"
  },
  {
    "position": 86,
    "nom": "Fabio Aroue",
    "equipe": "Suceurs 2 Roues",
    "temps": "06:21:36",
    "ecart": "+16'54"
  },
  {
    "position": 87,
    "nom": "Chikun Gunya",
    "equipe": "Team Alençon",
    "temps": "06:21:40",
    "ecart": "+16'58"
  },
  {
    "position": 88,
    "nom": "Crozés Hermitage",
    "equipe": "20 Rouge",
    "temps": "06:21:43",
    "ecart": "+17'01"
  },
  {
    "position": 89,
    "nom": "Grinne Dgeu",
    "equipe": "Rap Street Boys",
    "temps": "06:21:45",
    "ecart": "+17'03"
  },
  {
    "position": 90,
    "nom": "Tonton Graillou",
    "equipe": "Team Alençon",
    "temps": "06:21:46",
    "ecart": "+17'04"
  },
  {
    "position": 91,
    "nom": "Lambrusco Prosecco",
    "equipe": "20 Rouge",
    "temps": "06:21:47",
    "ecart": "+17'05"
  },
  {
    "position": 92,
    "nom": "Joseba Beloki",
    "equipe": "Suceurs 2 Roues",
    "temps": "06:21:53",
    "ecart": "+17'11"
  },
  {
    "position": 93,
    "nom": "Ma Roilles",
    "equipe": "Team Claquos",
    "temps": "06:22:16",
    "ecart": "+17'34"
  },
  {
    "position": 94,
    "nom": "Ben Johnson",
    "equipe": "Doping",
    "temps": "06:22:25",
    "ecart": "+17'43"
  },
  {
    "position": 95,
    "nom": "Zip Fer",
    "equipe": "Österreichisches Bier",
    "temps": "06:23:22",
    "ecart": "+18'40"
  },
  {
    "position": 96,
    "nom": "Snoop Dog",
    "equipe": "Weed",
    "temps": "06:23:27",
    "ecart": "+18'45"
  },
  {
    "position": 97,
    "nom": "Brie de Meaux",
    "equipe": "Team Claquos",
    "temps": "06:23:28",
    "ecart": "+18'46"
  },
  {
    "position": 98,
    "nom": "Ice Cube",
    "equipe": "Weed",
    "temps": "06:23:31",
    "ecart": "+18'49"
  },
  {
    "position": 99,
    "nom": "Geraint Tomasse",
    "equipe": "Suceurs 2 Roues",
    "temps": "06:23:32",
    "ecart": "+18'50"
  },
  {
    "position": 100,
    "nom": "Punti Gamer",
    "equipe": "Österreichisches Bier",
    "temps": "06:23:34",
    "ecart": "+18'52"
  },
  {
    "position": 101,
    "nom": "Wiz Khalifa",
    "equipe": "Weed",
    "temps": "06:23:36",
    "ecart": "+18'54"
  },
  {
    "position": 102,
    "nom": "Am Stel",
    "equipe": "Nederlands Bier",
    "temps": "06:23:39",
    "ecart": "+18'57"
  },
  {
    "position": 103,
    "nom": "Rigoberto Ouran",
    "equipe": "Suceurs 2 Roues",
    "temps": "06:23:39",
    "ecart": "+18'57"
  },
  {
    "position": 104,
    "nom": "Oedipus Brewing",
    "equipe": "Nederlands Bier",
    "temps": "06:23:44",
    "ecart": "+19'02"
  },
  {
    "position": 105,
    "nom": "Djou Houle",
    "equipe": "Rap Street Boys",
    "temps": "06:23:54",
    "ecart": "+19'12"
  },
  {
    "position": 106,
    "nom": "Van Sifer",
    "equipe": "Viesmann",
    "temps": "06:23:55",
    "ecart": "+19'13"
  },
  {
    "position": 107,
    "nom": "Kaiser Bier",
    "equipe": "Österreichisches Bier",
    "temps": "06:23:56",
    "ecart": "+19'14"
  },
  {
    "position": 108,
    "nom": "Elon Musk",
    "equipe": "Over Dose Racing",
    "temps": "06:23:59",
    "ecart": "+19'17"
  },
  {
    "position": 109,
    "nom": "Tom Simpson",
    "equipe": "Doping",
    "temps": "06:24:01",
    "ecart": "+19'19"
  },
  {
    "position": 110,
    "nom": "Rez Iztense",
    "equipe": "Viesmann",
    "temps": "06:24:07",
    "ecart": "+19'25"
  },
  {
    "position": 111,
    "nom": "Guivarch Kiri",
    "equipe": "Good Cheese",
    "temps": "06:24:08",
    "ecart": "+19'26"
  },
  {
    "position": 112,
    "nom": "Zun Dert",
    "equipe": "Nederlands Bier",
    "temps": "06:24:09",
    "ecart": "+19'27"
  },
  {
    "position": 113,
    "nom": "Leo Pompasse",
    "equipe": "UCPSPA",
    "temps": "06:24:12",
    "ecart": "+19'30"
  },
  {
    "position": 114,
    "nom": "Fri Son",
    "equipe": "Team Gouda",
    "temps": "06:24:13",
    "ecart": "+19'31"
  },
  {
    "position": 115,
    "nom": "Alessandro Petacchi",
    "equipe": "Saunier Duval",
    "temps": "06:24:14",
    "ecart": "+19'32"
  },
  {
    "position": 116,
    "nom": "Piti Chou",
    "equipe": "Team Alençon",
    "temps": "06:24:25",
    "ecart": "+19'43"
  },
  {
    "position": 117,
    "nom": "Brillat Savarin",
    "equipe": "Team Claquos",
    "temps": "06:24:30",
    "ecart": "+19'48"
  },
  {
    "position": 118,
    "nom": "Geiten Kaas",
    "equipe": "Team Gouda",
    "temps": "06:24:34",
    "ecart": "+19'52"
  },
  {
    "position": 119,
    "nom": "Gey Zer",
    "equipe": "Viesmann",
    "temps": "06:24:39",
    "ecart": "+19'57"
  },
  {
    "position": 120,
    "nom": "Göss Her",
    "equipe": "Österreichisches Bier",
    "temps": "06:24:41",
    "ecart": "+19'59"
  },
  {
    "position": 121,
    "nom": "Romain Blochon",
    "equipe": "Good Cheese",
    "temps": "06:24:49",
    "ecart": "+20'07"
  },
  {
    "position": 122,
    "nom": "Bob Marley",
    "equipe": "Weed",
    "temps": "06:25:06",
    "ecart": "+20'24"
  },
  {
    "position": 123,
    "nom": "Erik Zabel",
    "equipe": "Big Farma",
    "temps": "06:25:09",
    "ecart": "+20'27",
    "joueur": "mcohara"
  },
  {
    "position": 124,
    "nom": "Trumer Pils",
    "equipe": "Österreichisches Bier",
    "temps": "06:25:10",
    "ecart": "+20'28"
  },
  {
    "position": 125,
    "nom": "Steven Kruijswijuijswijk",
    "equipe": "Suceurs 2 Roues",
    "temps": "06:25:10",
    "ecart": "+20'28"
  },
  {
    "position": 126,
    "nom": "Heine Ken",
    "equipe": "Nederlands Bier",
    "temps": "06:25:12",
    "ecart": "+20'30"
  },
  {
    "position": 127,
    "nom": "Linde Boom",
    "equipe": "Nederlands Bier",
    "temps": "06:25:17",
    "ecart": "+20'35"
  },
  {
    "position": 128,
    "nom": "Robin Aitery",
    "equipe": "Frisquet",
    "temps": "06:25:18",
    "ecart": "+20'36"
  },
  {
    "position": 129,
    "nom": "Jean-Luc Delarue",
    "equipe": "Over Dose Racing",
    "temps": "06:25:19",
    "ecart": "+20'37"
  },
  {
    "position": 130,
    "nom": "Jean-Claude Van Damme",
    "equipe": "Over Dose Racing",
    "temps": "06:25:19",
    "ecart": "+20'37"
  },
  {
    "position": 131,
    "nom": "Carl Lewis",
    "equipe": "Doping",
    "temps": "06:25:24",
    "ecart": "+20'42"
  },
  {
    "position": 132,
    "nom": "Oudgard Den",
    "equipe": "Belgisch Bier",
    "temps": "06:25:24",
    "ecart": "+20'42"
  },
  {
    "position": 133,
    "nom": "Kanye West",
    "equipe": "Weed",
    "temps": "06:25:25",
    "ecart": "+20'43"
  },
  {
    "position": 134,
    "nom": "Delirium Tremens",
    "equipe": "Belgisch Bier",
    "temps": "06:25:25",
    "ecart": "+20'43"
  },
  {
    "position": 135,
    "nom": "Hess Céhache",
    "equipe": "Rap Street Boys",
    "temps": "06:25:29",
    "ecart": "+20'47"
  },
  {
    "position": 136,
    "nom": "Ba Varia",
    "equipe": "Nederlands Bier",
    "temps": "06:25:31",
    "ecart": "+20'49"
  },
  {
    "position": 137,
    "nom": "West Malle",
    "equipe": "Belgisch Bier",
    "temps": "06:25:32",
    "ecart": "+20'50"
  },
  {
    "position": 138,
    "nom": "Jay Z",
    "equipe": "Weed",
    "temps": "06:25:36",
    "ecart": "+20'54"
  },
  {
    "position": 139,
    "nom": "Kom Paan",
    "equipe": "Nederlands Bier",
    "temps": "06:25:38",
    "ecart": "+20'56"
  },
  {
    "position": 140,
    "nom": "Jonas Vingegarde",
    "equipe": "Suceurs 2 Roues",
    "temps": "06:25:38",
    "ecart": "+20'56"
  },
  {
    "position": 141,
    "nom": "Marco Pantani",
    "equipe": "Big Farma",
    "temps": "06:25:38",
    "ecart": "+20'56",
    "joueur": "mcohara"
  },
  {
    "position": 142,
    "nom": "Parmi Giano",
    "equipe": "Team Burrata",
    "temps": "06:25:40",
    "ecart": "+20'58"
  },
  {
    "position": 143,
    "nom": "Jan Ullrich",
    "equipe": "Suceurs 2 Roues",
    "temps": "06:25:41",
    "ecart": "+20'59"
  },
  {
    "position": 144,
    "nom": "Dra Ke",
    "equipe": "Weed",
    "temps": "06:25:43",
    "ecart": "+21'01"
  },
  {
    "position": 145,
    "nom": "Affli Gem",
    "equipe": "Belgisch Bier",
    "temps": "06:25:44",
    "ecart": "+21'02"
  },
  {
    "position": 146,
    "nom": "Frédéric Beigbedder",
    "equipe": "Over Dose Racing",
    "temps": "06:25:44",
    "ecart": "+21'02"
  },
  {
    "position": 147,
    "nom": "Pierre Palmade",
    "equipe": "Over Dose Racing",
    "temps": "06:25:48",
    "ecart": "+21'06"
  },
  {
    "position": 148,
    "nom": "Johnny Hallyday",
    "equipe": "Over Dose Racing",
    "temps": "06:25:48",
    "ecart": "+21'06"
  },
  {
    "position": 149,
    "nom": "Kami Kaze",
    "equipe": "Daikin",
    "temps": "06:25:53",
    "ecart": "+21'11"
  },
  {
    "position": 150,
    "nom": "Yves Caille",
    "equipe": "Frisquet",
    "temps": "06:25:54",
    "ecart": "+21'12"
  },
  {
    "position": 151,
    "nom": "Hirt Herbier",
    "equipe": "Österreichisches Bier",
    "temps": "06:25:55",
    "ecart": "+21'13"
  },
  {
    "position": 152,
    "nom": "So Prano",
    "equipe": "Rap Street Boys",
    "temps": "06:25:55",
    "ecart": "+21'13"
  },
  {
    "position": 153,
    "nom": "Lef Fe",
    "equipe": "Belgisch Bier",
    "temps": "06:25:57",
    "ecart": "+21'15"
  },
  {
    "position": 154,
    "nom": "Gorgone Zola",
    "equipe": "Team Burrata",
    "temps": "06:25:59",
    "ecart": "+21'17"
  },
  {
    "position": 155,
    "nom": "Leer Dammer",
    "equipe": "Team Gouda",
    "temps": "06:26:00",
    "ecart": "+21'18"
  },
  {
    "position": 156,
    "nom": "Diego Maradona",
    "equipe": "Doping",
    "temps": "06:26:03",
    "ecart": "+21'21"
  },
  {
    "position": 157,
    "nom": "Maitre Gims",
    "equipe": "Rap Street Boys",
    "temps": "06:26:04",
    "ecart": "+21'22"
  },
  {
    "position": 158,
    "nom": "Joël Givré",
    "equipe": "Frisquet",
    "temps": "06:26:05",
    "ecart": "+21'23"
  },
  {
    "position": 159,
    "nom": "Ferme Laporte",
    "equipe": "Frisquet",
    "temps": "06:26:07",
    "ecart": "+21'25"
  },
  {
    "position": 160,
    "nom": "Maas Dam",
    "equipe": "Team Gouda",
    "temps": "06:26:11",
    "ecart": "+21'29"
  },
  {
    "position": 161,
    "nom": "Al Kpote",
    "equipe": "Gangster and Gentleman",
    "temps": "06:26:11",
    "ecart": "+21'29"
  },
  {
    "position": 162,
    "nom": "Stro Mae",
    "equipe": "Rap Street Boys",
    "temps": "06:26:14",
    "ecart": "+21'32"
  },
  {
    "position": 163,
    "nom": "Naruto Uzumaki",
    "equipe": "Daikin",
    "temps": "06:26:21",
    "ecart": "+21'39"
  },
  {
    "position": 164,
    "nom": "Taka Tire",
    "equipe": "Daikin",
    "temps": "06:26:22",
    "ecart": "+21'40"
  },
  {
    "position": 165,
    "nom": "Hiro Shima",
    "equipe": "Daikin",
    "temps": "06:26:22",
    "ecart": "+21'40"
  },
  {
    "position": 166,
    "nom": "Bank Ize",
    "equipe": "Frisquet",
    "temps": "06:26:22",
    "ecart": "+21'40"
  },
  {
    "position": 167,
    "nom": "Black Aime",
    "equipe": "Rap Street Boys",
    "temps": "06:26:28",
    "ecart": "+21'46"
  },
  {
    "position": 168,
    "nom": "Peco Rino",
    "equipe": "Team Burrata",
    "temps": "06:26:42",
    "ecart": "+22'00"
  },
  {
    "position": 169,
    "nom": "Hubert Savary de Beauregard",
    "equipe": "Team Alençon",
    "temps": "06:26:43",
    "ecart": "+22'01"
  },
  {
    "position": 170,
    "nom": "Yves Voncrevay",
    "equipe": "Gangster and Gentleman",
    "temps": "06:27:03",
    "ecart": "+22'21"
  },
  {
    "position": 171,
    "nom": "Gilles Tarot",
    "equipe": "Team Alençon",
    "temps": "06:27:08",
    "ecart": "+22'26"
  },
  {
    "position": 172,
    "nom": "Jan Hertog",
    "equipe": "Nederlands Bier",
    "temps": "06:27:09",
    "ecart": "+22'27"
  },
  {
    "position": 173,
    "nom": "Fort Pommard",
    "equipe": "20 Rouge",
    "temps": "06:27:16",
    "ecart": "+22'34"
  },
  {
    "position": 174,
    "nom": "Sun Yang",
    "equipe": "Doping",
    "temps": "06:27:21",
    "ecart": "+22'39"
  },
  {
    "position": 175,
    "nom": "Samy Naceri",
    "equipe": "Over Dose Racing",
    "temps": "06:27:24",
    "ecart": "+22'42"
  },
  {
    "position": 176,
    "nom": "John Lennon",
    "equipe": "Weed",
    "temps": "06:27:25",
    "ecart": "+22'43"
  },
  {
    "position": 177,
    "nom": "Saint Emilion",
    "equipe": "20 Rouge",
    "temps": "06:27:42",
    "ecart": "+23'00"
  },
  {
    "position": 178,
    "nom": "Johan Museeuw",
    "equipe": "Big Farma",
    "temps": "06:27:45",
    "ecart": "+23'03",
    "joueur": "mcohara"
  },
  {
    "position": 179,
    "nom": "Thierry Ardisson",
    "equipe": "Over Dose Racing",
    "temps": "06:27:46",
    "ecart": "+23'04"
  },
  {
    "position": 180,
    "nom": "Kar Rate",
    "equipe": "Daikin",
    "temps": "06:28:08",
    "ecart": "+23'26"
  },
  {
    "position": 181,
    "nom": "Maurice Greene",
    "equipe": "Doping",
    "temps": "06:28:12",
    "ecart": "+23'30"
  },
  {
    "position": 182,
    "nom": "Lalande De Pomerol",
    "equipe": "20 Rouge",
    "temps": "06:28:16",
    "ecart": "+23'34"
  },
  {
    "position": 183,
    "nom": "Mozza Rella",
    "equipe": "Team Burrata",
    "temps": "06:28:28",
    "ecart": "+23'46"
  },
  {
    "position": 184,
    "nom": "Sashi Mi",
    "equipe": "Daikin",
    "temps": "06:28:31",
    "ecart": "+23'49"
  },
  {
    "position": 185,
    "nom": "Bradley Wiggins",
    "equipe": "Suceurs 2 Roues",
    "temps": "06:29:15",
    "ecart": "+24'33"
  },
  {
    "position": 186,
    "nom": "Ley Den",
    "equipe": "Team Gouda",
    "temps": "06:29:31",
    "ecart": "+24'49"
  },
  {
    "position": 187,
    "nom": "Nicolas De Bourgueil",
    "equipe": "20 Rouge",
    "temps": "06:29:41",
    "ecart": "+24'59"
  },
  {
    "position": 188,
    "nom": "Mobb Infamous",
    "equipe": "Gangster and Gentleman",
    "temps": "06:29:49",
    "ecart": "+25'07"
  },
  {
    "position": 189,
    "nom": "Mascare Pone",
    "equipe": "Team Burrata",
    "temps": "06:29:58",
    "ecart": "+25'16"
  },
  {
    "position": 190,
    "nom": "Ki Inimod",
    "equipe": "Gangster and Gentleman",
    "temps": "06:30:08",
    "ecart": "+25'26"
  },
  {
    "position": 191,
    "nom": "Muscat Rivesaltes",
    "equipe": "20 Rouge",
    "temps": "06:30:22",
    "ecart": "+25'40"
  },
  {
    "position": 192,
    "nom": "David Desnos",
    "equipe": "Team Alençon",
    "temps": "06:30:34",
    "ecart": "+25'52"
  }
]