[
  {
    "position": 1,
    "equipe": "RnB de Rue",
    "temps": "36:46:44",
    "ecart": "Leader équipe",
    "joueur": "Tefouine"
  },
  {
    "position": 2,
    "equipe": "Bier Brigade",
    "temps": "36:52:19",
    "ecart": "+5'35",
    "joueur": "Bismuth"
  },
  {
    "position": 3,
    "equipe": "Saunier Duval",
    "temps": "36:56:18",
    "ecart": "+9'34",
    "joueur": ""
  },
  {
    "position": 4,
    "equipe": "Froooonce",
    "temps": "36:56:59",
    "ecart": "+10'15",
    "joueur": "RicH33"
  },
  {
    "position": 5,
    "equipe": "Big Farma",
    "temps": "36:58:18",
    "ecart": "+11'34",
    "joueur": "mcohara"
  },
  {
    "position": 6,
    "equipe": "Good Cheese",
    "temps": "37:03:22",
    "ecart": "+16'38",
    "joueur": ""
  },
  {
    "position": 7,
    "equipe": "Team Claquos",
    "temps": "37:04:16",
    "ecart": "+17'32",
    "joueur": ""
  },
  {
    "position": 8,
    "equipe": "UCPSPA",
    "temps": "37:09:15",
    "ecart": "+22'31",
    "joueur": ""
  },
  {
    "position": 9,
    "equipe": "Viesmann",
    "temps": "37:09:19",
    "ecart": "+22'35",
    "joueur": ""
  },
  {
    "position": 10,
    "equipe": "Daikin",
    "temps": "37:39:01",
    "ecart": "+52'17",
    "joueur": ""
  },
  {
    "position": 11,
    "equipe": "Team Gouda",
    "temps": "37:41:33",
    "ecart": "+54'49",
    "joueur": ""
  },
  {
    "position": 12,
    "equipe": "Österreichisches Bier",
    "temps": "37:44:24",
    "ecart": "+57'40",
    "joueur": ""
  },
  {
    "position": 13,
    "equipe": "Suceurs 2 Roues",
    "temps": "38:02:05",
    "ecart": "+1:15'21",
    "joueur": ""
  },
  {
    "position": 14,
    "equipe": "Gangster and Gentleman",
    "temps": "38:10:27",
    "ecart": "+1:23'43",
    "joueur": ""
  },
  {
    "position": 15,
    "equipe": "Weed",
    "temps": "38:14:57",
    "ecart": "+1:28'13",
    "joueur": ""
  },
  {
    "position": 16,
    "equipe": "Frisquet",
    "temps": "38:15:43",
    "ecart": "+1:28'59",
    "joueur": ""
  },
  {
    "position": 17,
    "equipe": "Rap Street Boys",
    "temps": "38:16:05",
    "ecart": "+1:29'21",
    "joueur": ""
  },
  {
    "position": 18,
    "equipe": "Team Alençon",
    "temps": "38:22:29",
    "ecart": "+1:35'45",
    "joueur": ""
  },
  {
    "position": 19,
    "equipe": "Doping",
    "temps": "38:22:33",
    "ecart": "+1:35'49",
    "joueur": ""
  },
  {
    "position": 20,
    "equipe": "Belgisch Bier",
    "temps": "38:23:56",
    "ecart": "+1:37'12",
    "joueur": ""
  },
  {
    "position": 21,
    "equipe": "20 Rouge",
    "temps": "38:28:25",
    "ecart": "+1:41'41",
    "joueur": ""
  },
  {
    "position": 22,
    "equipe": "Nederlands Bier",
    "temps": "38:31:04",
    "ecart": "+1:44'20",
    "joueur": ""
  },
  {
    "position": 23,
    "equipe": "Team Burrata",
    "temps": "38:43:22",
    "ecart": "+1:56'38",
    "joueur": ""
  },
  {
    "position": 24,
    "equipe": "Over Dose Racing",
    "temps": "38:47:15",
    "ecart": "+2:00'31",
    "joueur": ""
  }
]