[
  {
    "nom": "Uwe Pilsner",
    "equipe": "Bier Brigade",
    "montagne": 2,
    "position": 1,
    "ecart": "Leader Montagne"
  },
  {
    "nom": "Matt Houston",
    "equipe": "RnB de Rue",
    "montagne": 1,
    "position": 2,
    "ecart": "-1"
  },
  {
    "nom": "David Gaudu",
    "equipe": "Froooonce",
    "montagne": 1,
    "position": 3,
    "ecart": "-1"
  },
  {
    "nom": "Thierry Ardisson",
    "equipe": "Over Dose Racing",
    "montagne": 1,
    "position": 4,
    "ecart": "-1"
  },
  {
    "nom": "Joseba Beloki",
    "equipe": "Suceurs 2 Roues",
    "montagne": 1,
    "position": 5,
    "ecart": "-1"
  }
]