[
  {
    "nom": "Matt Pokora",
    "equipe": "RnB de Rue",
    "points": 69,
    "position": 1,
    "ecart": "Leader Points"
  },
  {
    "nom": "Thomas Voeckler",
    "equipe": "Froooonce",
    "points": 45,
    "position": 2,
    "ecart": "-24"
  },
  {
    "nom": "Nippon Nimove",
    "equipe": "Daikin",
    "points": 40,
    "position": 3,
    "ecart": "-29"
  },
  {
    "nom": "Uwe Pilsner",
    "equipe": "Bier Brigade",
    "points": 40,
    "position": 4,
    "ecart": "-29"
  },
  {
    "nom": "Geraint Tomasse",
    "equipe": "Suceurs 2 Roues",
    "points": 33,
    "position": 5,
    "ecart": "-36"
  },
  {
    "nom": "Bruno Krombacher",
    "equipe": "Bier Brigade",
    "points": 30,
    "position": 6,
    "ecart": "-39"
  },
  {
    "nom": "Otto Krug",
    "equipe": "Bier Brigade",
    "points": 30,
    "position": 7,
    "ecart": "-39"
  },
  {
    "nom": "Stra Chino",
    "equipe": "Team Burrata",
    "points": 29,
    "position": 8,
    "ecart": "-40"
  },
  {
    "nom": "Tonton Graillou",
    "equipe": "Team Alençon",
    "points": 29,
    "position": 9,
    "ecart": "-40"
  },
  {
    "nom": "Miguel Indurain",
    "equipe": "Big Farma",
    "points": 26,
    "position": 10,
    "ecart": "-43"
  },
  {
    "nom": "Grinne Dgeu",
    "equipe": "Rap Street Boys",
    "points": 25,
    "position": 11,
    "ecart": "-44"
  },
  {
    "nom": "Hans Hopfen",
    "equipe": "Bier Brigade",
    "points": 25,
    "position": 12,
    "ecart": "-44"
  },
  {
    "nom": "Lambrusco Prosecco",
    "equipe": "20 Rouge",
    "points": 20,
    "position": 13,
    "ecart": "-49"
  },
  {
    "nom": "Matt Houston",
    "equipe": "RnB de Rue",
    "points": 17,
    "position": 14,
    "ecart": "-52"
  },
  {
    "nom": "Karl Beck",
    "equipe": "Bier Brigade",
    "points": 17,
    "position": 15,
    "ecart": "-52"
  },
  {
    "nom": "Ben Johnson",
    "equipe": "Doping",
    "points": 16,
    "position": 16,
    "ecart": "-53"
  },
  {
    "nom": "Justin Bieber",
    "equipe": "RnB de Rue",
    "points": 15,
    "position": 17,
    "ecart": "-54"
  },
  {
    "nom": "Chikun Gunya",
    "equipe": "Team Alençon",
    "points": 14,
    "position": 18,
    "ecart": "-55"
  },
  {
    "nom": "Max Weizen",
    "equipe": "Bier Brigade",
    "points": 13,
    "position": 19,
    "ecart": "-56"
  },
  {
    "nom": "Julian Alaphilippe",
    "equipe": "Froooonce",
    "points": 13,
    "position": 20,
    "ecart": "-56"
  },
  {
    "nom": "Dario Frigo",
    "equipe": "Saunier Duval",
    "points": 12,
    "position": 21,
    "ecart": "-57"
  },
  {
    "nom": "Lance Armstrong",
    "equipe": "Big Farma",
    "points": 12,
    "position": 22,
    "ecart": "-57"
  },
  {
    "nom": "Otta Kringer",
    "equipe": "Österreichisches Bier",
    "points": 11,
    "position": 23,
    "ecart": "-58"
  },
  {
    "nom": "Bernard Hinault",
    "equipe": "Froooonce",
    "points": 11,
    "position": 24,
    "ecart": "-58"
  },
  {
    "nom": "Michael Rasmussen",
    "equipe": "Big Farma",
    "points": 9,
    "position": 25,
    "ecart": "-60"
  },
  {
    "nom": "Damiano Cunego",
    "equipe": "Saunier Duval",
    "points": 9,
    "position": 26,
    "ecart": "-60"
  },
  {
    "nom": "Laurent Jalabert",
    "equipe": "Froooonce",
    "points": 9,
    "position": 27,
    "ecart": "-60"
  },
  {
    "nom": "Richard Virenque",
    "equipe": "Froooonce",
    "points": 9,
    "position": 28,
    "ecart": "-60"
  },
  {
    "nom": "Zip Fer",
    "equipe": "Österreichisches Bier",
    "points": 8,
    "position": 29,
    "ecart": "-61"
  },
  {
    "nom": "Bob Lacroute",
    "equipe": "Good Cheese",
    "points": 7,
    "position": 30,
    "ecart": "-62"
  },
  {
    "nom": "N'golo Comté",
    "equipe": "Good Cheese",
    "points": 7,
    "position": 31,
    "ecart": "-62"
  },
  {
    "nom": "B Passi",
    "equipe": "RnB de Rue",
    "points": 7,
    "position": 32,
    "ecart": "-62"
  },
  {
    "nom": "Ra Chelle",
    "equipe": "UCPSPA",
    "points": 6,
    "position": 33,
    "ecart": "-63"
  },
  {
    "nom": "Doc Gyneco",
    "equipe": "RnB de Rue",
    "points": 6,
    "position": 34,
    "ecart": "-63"
  },
  {
    "nom": "Snoop Dog",
    "equipe": "Weed",
    "points": 5,
    "position": 35,
    "ecart": "-64"
  },
  {
    "nom": "Alessandro Petacchi",
    "equipe": "Saunier Duval",
    "points": 5,
    "position": 36,
    "ecart": "-64"
  },
  {
    "nom": "Erik Zabel",
    "equipe": "Big Farma",
    "points": 5,
    "position": 37,
    "ecart": "-64"
  },
  {
    "nom": "Ughes Goboss",
    "equipe": "Gangster and Gentleman",
    "points": 5,
    "position": 38,
    "ecart": "-64"
  },
  {
    "nom": "Brie de Meaux",
    "equipe": "Team Claquos",
    "points": 4,
    "position": 39,
    "ecart": "-65"
  },
  {
    "nom": "Djou Houle",
    "equipe": "Rap Street Boys",
    "points": 4,
    "position": 40,
    "ecart": "-65"
  },
  {
    "nom": "Dra Ke",
    "equipe": "Weed",
    "points": 4,
    "position": 41,
    "ecart": "-65"
  },
  {
    "nom": "Raymond Poulidor",
    "equipe": "Froooonce",
    "points": 4,
    "position": 42,
    "ecart": "-65"
  },
  {
    "nom": "Thibaut Pinot",
    "equipe": "Froooonce",
    "points": 4,
    "position": 43,
    "ecart": "-65"
  },
  {
    "nom": "Bob Marley",
    "equipe": "Weed",
    "points": 3,
    "position": 44,
    "ecart": "-66"
  },
  {
    "nom": "Tom Desbauges",
    "equipe": "Good Cheese",
    "points": 3,
    "position": 45,
    "ecart": "-66"
  },
  {
    "nom": "Guivarch Kiri",
    "equipe": "Good Cheese",
    "points": 3,
    "position": 46,
    "ecart": "-66"
  },
  {
    "nom": "Göss Her",
    "equipe": "Österreichisches Bier",
    "points": 3,
    "position": 47,
    "ecart": "-66"
  },
  {
    "nom": "Duncan Coillotte",
    "equipe": "Good Cheese",
    "points": 3,
    "position": 48,
    "ecart": "-66"
  },
  {
    "nom": "K Kamaro",
    "equipe": "RnB de Rue",
    "points": 2,
    "position": 49,
    "ecart": "-67"
  },
  {
    "nom": "Leo Pompasse",
    "equipe": "UCPSPA",
    "points": 2,
    "position": 50,
    "ecart": "-67"
  },
  {
    "nom": "David Gaudu",
    "equipe": "Froooonce",
    "points": 2,
    "position": 51,
    "ecart": "-67"
  },
  {
    "nom": "Dieter Bitburger",
    "equipe": "Bier Brigade",
    "points": 1,
    "position": 52,
    "ecart": "-68"
  },
  {
    "nom": "Alessandro Ballan",
    "equipe": "Saunier Duval",
    "points": 1,
    "position": 53,
    "ecart": "-68"
  }
]