[
  {
    "position": 1,
    "nom": "Miguel Indurain",
    "equipe": "Big Farma",
    "temps": "06:05:28",
    "ecart": "Leader jeune",
    "joueur": "mcohara"
  },
  {
    "position": 2,
    "nom": "Justin Bieber",
    "equipe": "RnB de Rue",
    "temps": "06:05:46",
    "ecart": "+0'18",
    "joueur": "Tefouine"
  },
  {
    "position": 3,
    "nom": "Willy Denzey",
    "equipe": "RnB de Rue",
    "temps": "06:06:33",
    "ecart": "+1'05",
    "joueur": "Tefouine"
  },
  {
    "position": 4,
    "nom": "Dario Frigo",
    "equipe": "Saunier Duval",
    "temps": "06:06:45",
    "ecart": "+1'17"
  },
  {
    "position": 5,
    "nom": "Duncan Coillotte",
    "equipe": "Good Cheese",
    "temps": "06:06:45",
    "ecart": "+1'17"
  },
  {
    "position": 6,
    "nom": "Danilo Di Luca",
    "equipe": "Saunier Duval",
    "temps": "06:07:31",
    "ecart": "+2'03"
  },
  {
    "position": 7,
    "nom": "Fourme Dambert",
    "equipe": "Team Claquos",
    "temps": "06:07:43",
    "ecart": "+2'15"
  },
  {
    "position": 8,
    "nom": "Dieter Bitburger",
    "equipe": "Bier Brigade",
    "temps": "06:08:02",
    "ecart": "+2'34",
    "joueur": "Bismuth"
  },
  {
    "position": 9,
    "nom": "Karl Beck",
    "equipe": "Bier Brigade",
    "temps": "06:08:09",
    "ecart": "+2'41",
    "joueur": "Bismuth"
  },
  {
    "position": 10,
    "nom": "Mangetes Morbier",
    "equipe": "Good Cheese",
    "temps": "06:08:18",
    "ecart": "+2'50"
  },
  {
    "position": 11,
    "nom": "Kal Orifer",
    "equipe": "Viesmann",
    "temps": "06:08:43",
    "ecart": "+3'15"
  },
  {
    "position": 12,
    "nom": "Julian Alaphilippe",
    "equipe": "Froooonce",
    "temps": "06:08:54",
    "ecart": "+3'26",
    "joueur": "RicH33"
  },
  {
    "position": 13,
    "nom": "Boil Her",
    "equipe": "Viesmann",
    "temps": "06:09:03",
    "ecart": "+3'35"
  },
  {
    "position": 14,
    "nom": "Roch Fort",
    "equipe": "Team Claquos",
    "temps": "06:09:08",
    "ecart": "+3'40"
  },
  {
    "position": 15,
    "nom": "Ughes Goboss",
    "equipe": "Gangster and Gentleman",
    "temps": "06:10:17",
    "ecart": "+4'49"
  },
  {
    "position": 16,
    "nom": "Robert de la Bergerie",
    "equipe": "UCPSPA",
    "temps": "06:11:06",
    "ecart": "+5'38"
  },
  {
    "position": 17,
    "nom": "Thibaut Pinot",
    "equipe": "Froooonce",
    "temps": "06:11:19",
    "ecart": "+5'51",
    "joueur": "RicH33"
  },
  {
    "position": 18,
    "nom": "Wiesel Burger",
    "equipe": "Österreichisches Bier",
    "temps": "06:11:28",
    "ecart": "+6'00"
  },
  {
    "position": 19,
    "nom": "Floyd Landis",
    "equipe": "Big Farma",
    "temps": "06:13:17",
    "ecart": "+7'49",
    "joueur": "mcohara"
  },
  {
    "position": 20,
    "nom": "Ra Chelle",
    "equipe": "UCPSPA",
    "temps": "06:14:06",
    "ecart": "+8'38"
  },
  {
    "position": 21,
    "nom": "Ay Dam",
    "equipe": "Team Gouda",
    "temps": "06:17:08",
    "ecart": "+11'40"
  },
  {
    "position": 22,
    "nom": "Vianney Pangrazy",
    "equipe": "Team Alençon",
    "temps": "06:19:37",
    "ecart": "+14'09"
  },
  {
    "position": 23,
    "nom": "Stella Artois",
    "equipe": "Belgisch Bier",
    "temps": "06:21:02",
    "ecart": "+15'34"
  },
  {
    "position": 24,
    "nom": "Crozés Hermitage",
    "equipe": "20 Rouge",
    "temps": "06:21:43",
    "ecart": "+16'15"
  },
  {
    "position": 25,
    "nom": "Grinne Dgeu",
    "equipe": "Rap Street Boys",
    "temps": "06:21:45",
    "ecart": "+16'17"
  },
  {
    "position": 26,
    "nom": "Tonton Graillou",
    "equipe": "Team Alençon",
    "temps": "06:21:46",
    "ecart": "+16'18"
  },
  {
    "position": 27,
    "nom": "Ben Johnson",
    "equipe": "Doping",
    "temps": "06:22:25",
    "ecart": "+16'57"
  },
  {
    "position": 28,
    "nom": "Geraint Tomasse",
    "equipe": "Suceurs 2 Roues",
    "temps": "06:23:32",
    "ecart": "+18'04"
  },
  {
    "position": 29,
    "nom": "Am Stel",
    "equipe": "Nederlands Bier",
    "temps": "06:23:39",
    "ecart": "+18'11"
  },
  {
    "position": 30,
    "nom": "Bob Marley",
    "equipe": "Weed",
    "temps": "06:25:06",
    "ecart": "+19'38"
  },
  {
    "position": 31,
    "nom": "Trumer Pils",
    "equipe": "Österreichisches Bier",
    "temps": "06:25:10",
    "ecart": "+19'42"
  },
  {
    "position": 32,
    "nom": "Jean-Claude Van Damme",
    "equipe": "Over Dose Racing",
    "temps": "06:25:19",
    "ecart": "+19'51"
  },
  {
    "position": 33,
    "nom": "Carl Lewis",
    "equipe": "Doping",
    "temps": "06:25:24",
    "ecart": "+19'56"
  },
  {
    "position": 34,
    "nom": "Oudgard Den",
    "equipe": "Belgisch Bier",
    "temps": "06:25:24",
    "ecart": "+19'56"
  },
  {
    "position": 35,
    "nom": "Kanye West",
    "equipe": "Weed",
    "temps": "06:25:25",
    "ecart": "+19'57"
  },
  {
    "position": 36,
    "nom": "Parmi Giano",
    "equipe": "Team Burrata",
    "temps": "06:25:40",
    "ecart": "+20'12"
  },
  {
    "position": 37,
    "nom": "Pierre Palmade",
    "equipe": "Over Dose Racing",
    "temps": "06:25:48",
    "ecart": "+20'20"
  },
  {
    "position": 38,
    "nom": "Gorgone Zola",
    "equipe": "Team Burrata",
    "temps": "06:25:59",
    "ecart": "+20'31"
  },
  {
    "position": 39,
    "nom": "Maitre Gims",
    "equipe": "Rap Street Boys",
    "temps": "06:26:04",
    "ecart": "+20'36"
  },
  {
    "position": 40,
    "nom": "Ferme Laporte",
    "equipe": "Frisquet",
    "temps": "06:26:07",
    "ecart": "+20'39"
  },
  {
    "position": 41,
    "nom": "Maas Dam",
    "equipe": "Team Gouda",
    "temps": "06:26:11",
    "ecart": "+20'43"
  },
  {
    "position": 42,
    "nom": "Hiro Shima",
    "equipe": "Daikin",
    "temps": "06:26:22",
    "ecart": "+20'54"
  },
  {
    "position": 43,
    "nom": "Bank Ize",
    "equipe": "Frisquet",
    "temps": "06:26:22",
    "ecart": "+20'54"
  },
  {
    "position": 44,
    "nom": "Jan Hertog",
    "equipe": "Nederlands Bier",
    "temps": "06:27:09",
    "ecart": "+21'41"
  },
  {
    "position": 45,
    "nom": "Lalande De Pomerol",
    "equipe": "20 Rouge",
    "temps": "06:28:16",
    "ecart": "+22'48"
  },
  {
    "position": 46,
    "nom": "Sashi Mi",
    "equipe": "Daikin",
    "temps": "06:28:31",
    "ecart": "+23'03"
  },
  {
    "position": 47,
    "nom": "Bradley Wiggins",
    "equipe": "Suceurs 2 Roues",
    "temps": "06:29:15",
    "ecart": "+23'47"
  },
  {
    "position": 48,
    "nom": "Ki Inimod",
    "equipe": "Gangster and Gentleman",
    "temps": "06:30:08",
    "ecart": "+24'40"
  }
]